id, 0, 2, 19, 10010, 80116, 2, 1, fullName, 1, x100, y100, shortName,
10001, 0, 0, 53, 5, 7, 0, 0, 5:00--6:59, 0, 0, 0, ,
10002, 0, 0, 53, 7, 11, 0, 0, 7:00--10:59, 0, 0, 0, ,
10003, 0, 0, 53, 11, 13, 0, 0, 11:00--12:59, 0, 0, 0, ,
10004, 0, 0, 53, 13, 17, 0, 0, 13:00--16:59, 0, 0, 0, ,
10005, 0, 0, 53, 17, 19, 0, 0, 17:00--18:59, 0, 0, 0, ,
10006, 0, 0, 53, 19, 23, 0, 0, 19:00--22:59, 0, 0, 0, ,
10007, 0, 0, 53, 23, 1, 0, 0, 23:00--00:59, 0, 0, 0, ,
10008, 0, 0, 53, 1, 5, 0, 0, 1:00--4:59, 0, 0, 0, ,
10010, 0, 0, 49, 0, 0, 0, 0, 小雨, 0, 0, 0, ,
10011, 0, 0, 49, 1, 0, 0, 0, 大雨, 0, 0, 0, ,
10012, 0, 0, 49, 2, 0, 0, 0, 小雪, 0, 0, 0, ,
10013, 0, 0, 49, 3, 0, 0, 0, 大雪, 0, 0, 0, ,
10014, 0, 0, 49, 4, 0, 0, 0, 小风沙, 0, 0, 0, ,
10015, 0, 0, 49, 5, 0, 0, 0, 大风沙, 0, 0, 0, ,
10016, 0, 0, 49, 6, 0, 0, 0, 晴天, 0, 0, 0, ,
10017, 0, 0, 49, 7, 0, 0, 0, 烈日, 0, 0, 0, ,
10018, 0, 0, 49, 8, 0, 0, 0, 雷雨, 0, 0, 0, ,
10019, 0, 0, 49, 9, 0, 0, 0, 雷暴, 0, 0, 0, ,
10020, 0, 0, 49, 10, 0, 0, 0, 阴天, 0, 0, 0, ,
10021, 0, 0, 49, 11, 0, 0, 0, 大风, 0, 0, 0, ,
10022, 0, 0, 49, 12, 0, 0, 0, 多云, 0, 0, 0, ,
10023, 0, 0, 49, 13, 0, 0, 0, 潮气, 0, 0, 0, ,
10024, 0, 0, 49, 14, 0, 0, 0, 雾霾, 0, 0, 0, ,
10025, 0, 0, 49, 15, 0, 0, 0, 大雾, 0, 0, 0, ,
10026, 0, 0, 49, 16, 0, 0, 0, 火山, 0, 0, 0, ,
10027, 0, 0, 49, 17, 0, 0, 0, 花海, 0, 0, 0, ,
10028, 0, 0, 49, 18, 0, 0, 0, 蒲公英, 0, 0, 0, ,
10029, 0, 0, 51, 1, 0, 0, 0, 大雨；小雨, 0, 0, 0, ,
10030, 0, 0, 51, 2, 0, 0, 0, 雷雨；雷暴, 0, 0, 0, ,
10031, 0, 0, 51, 3, 0, 0, 0, 阴天；多云；潮气；雾霾；大雾, 0, 0, 0, ,
10032, 0, 0, 51, 4, 0, 0, 0, 晴天；烈日, 0, 0, 0, ,
10033, 0, 0, 51, 5, 0, 0, 0, 大风；沙暴；台风, 0, 0, 0, ,
10034, 0, 0, 51, 6, 0, 0, 0, 小雪；大雪, 0, 0, 0, ,
10035, 0, 0, 51, 7, 0, 0, 0, 火山；花海, 0, 0, 0, ,
10036, 0, 0, 169, 500, 0, 0, 0, 恩师点, 0, 0, 0, ,
10037, 0, 0, 169, 1000, 0, 0, 0, 恩师点, 0, 0, 0, ,
10038, 0, 0, 169, 1500, 0, 0, 0, 恩师点, 0, 0, 0, ,
10039, 0, 0, 169, 2000, 0, 0, 0, 恩师点, 0, 0, 0, ,
10040, 0, 0, 169, 2500, 0, 0, 0, 恩师点, 0, 0, 0, ,
10041, 0, 0, 3, 8, 0, 0, 0, 侠义值, 0, 0, 0, ,
10046, 0, 0, 172, 0, 0, 0, 0, 出师1次, 0, 0, 0, ,
10047, 0, 0, 171, 1, 0, 0, 0, 出师等级, 0, 0, 0, ,
10048, 0, 0, 171, 2, 0, 0, 0, 出师等级, 0, 0, 0, ,
10049, 0, 0, 171, 3, 0, 0, 0, 出师等级, 0, 0, 0, ,
10050, 0, 0, 171, 4, 0, 0, 0, 出师等级, 0, 0, 0, ,
10051, 0, 0, 171, 5, 0, 0, 0, 出师等级, 0, 0, 0, ,
10052, 0, 0, 171, 6, 0, 0, 0, 出师等级, 0, 0, 0, ,
10053, 0, 0, 140, 1, 0, 0, 0, 答题次数50, 0, 0, 0, ,
10054, 0, 0, 141, 1, 0, 0, 0, 制造次数50, 0, 0, 0, ,
10056, 0, 0, 139, 0, 0, 0, 0, 通过暗杀获得1000金, 0, 0, 0, ,
10057, 0, 0, 142, 0, 0, 0, 0, 暗杀30次, 0, 0, 0, ,
10058, 0, 0, 53, 6, 18, 0, 0, 白昼, 0, 0, 0, ,
10059, 0, 0, 53, 18, 6, 0, 0, 黑夜, 0, 0, 0, ,
10060, 0, 0, 106, 0, 0, 0, 0, 射猎100只动物, 0, 0, 0, ,
10061, 0, 0, 5, 30102007, 0, 0, 0, 使用高级架子10次, 0, 0, 0, ,
10062, 0, 0, 45, 0, 0, 0, 0, 挖宝100次, 0, 0, 0, ,
10063, 0, 0, 108, 0, 0, 0, 0, 莲花宝藏20次, 0, 0, 0, ,
10071, 0, 0, 160, 0, 0, 0, 0, 累计修为, 0, 0, 0, ,
10072, 0, 0, 161, 0, 0, 0, 0, 累计精工, 0, 0, 0, ,
10073, 0, 0, 162, 0, 0, 0, 0, 累计历练, 0, 0, 0, ,
10074, 0, 0, 163, 0, 0, 0, 0, 累计活力, 0, 0, 0, ,
10075, 0, 0, 227, 0, 0, 0, 0, 船只评分, 0, 0, 0, ,
10076, 0, 0, 226, 0, 0, 0, 0, 消耗特殊弹药, 0, 0, 0, ,
10077, 0, 0, 223, 0, 0, 0, 0, 打捞沉船, 0, 0, 0, ,
10078, 0, 0, 235, 10052, 0, 0, 0, 地图探索率, 0, 0, 0, ,
10079, 0, 0, 229, 1, 0, 0, 0, 海政司声望, 0, 0, 0, ,
10080, 0, 0, 229, 3, 0, 0, 0, 绝智轩声望, 0, 0, 0, ,
10081, 0, 0, 229, 2, 0, 0, 0, 四海商盟声望, 0, 0, 0, ,
10082, 0, 0, 225, 2, 0, 0, 0, 击沉NPC船, 0, 0, 0, ,
10083, 0, 0, 225, 1, 0, 0, 0, 击沉玩家船, 0, 0, 0, ,
10084, 0, 0, 242, 0, 0, 0, 0, 获得贸易利润, 0, 0, 0, ,
10085, 0, 0, 236, 0, 0, 0, 0, 获得冒险点数, 0, 0, 0, ,
10086, 0, 0, 232, 0, 0, 0, 0, 总投资额, 0, 0, 0, ,
10087, 0, 0, 231, 5000, 0, 0, 0, 投资达到5000, 0, 0, 0, ,
10088, 0, 0, 231, 15000, 0, 0, 0, 投资达到15000, 0, 0, 0, ,
10089, 0, 0, 231, 40000, 0, 0, 0, 投资达到40000, 0, 0, 0, ,
12979, 0, 0, 231, 100000, 0, 0, 0, 投资达到100000, 0, 0, 0, ,
12980, 0, 0, 231, 250000, 0, 0, 0, 投资达到250000, 0, 0, 0, ,
10090, 0, 0, 231, 3, 0, 0, 0, 1是流行2是非流行，这里是5星流行, 0, 0, 0, ,
10091, 0, 0, 244, 0, 0, 0, 0, 总卖货, 0, 0, 0, ,
10092, 0, 0, 233, 0, 0, 0, 0, 航行距离, 0, 0, 0, ,
10093, 0, 0, 234, 0, 0, 0, 0, 粮食消耗, 0, 0, 0, ,
10094, 0, 0, 238, 0, 0, 0, 0, 指定图鉴解锁, 0, 0, 0, ,
10095, 0, 0, 237, 1, 0, 0, 0, 特定1类型图鉴数量, 0, 0, 0, ,
10096, 0, 0, 237, 4, 0, 0, 0, 特定2类型图鉴数量, 0, 0, 0, ,
10097, 0, 0, 237, 3, 0, 0, 0, 特定2类型图鉴数量, 0, 0, 0, ,
10098, 0, 0, 237, 2, 0, 0, 0, 特定2类型图鉴数量, 0, 0, 0, ,
10099, 0, 0, 237, 7, 0, 0, 0, 特定2类型图鉴数量, 0, 0, 0, ,
10100, 0, 0, 230, 1, 0, 0, 0, 指定1号钱塘港投资, 0, 0, 0, ,
10101, 0, 0, 230, 2, 0, 0, 0, 指定2号江洋港投资, 0, 0, 0, ,
10102, 0, 0, 230, 3, 0, 0, 0, 指定3号泉州港投资, 0, 0, 0, ,
10103, 0, 0, 230, 4, 0, 0, 0, 指定4号天涯盐场投资, 0, 0, 0, ,
10104, 0, 0, 230, 5, 0, 0, 0, 指定5号望海岬投资, 0, 0, 0, ,
10105, 0, 0, 230, 6, 0, 0, 0, 指定6号灵鹿岛投资, 0, 0, 0, ,
10106, 0, 0, 230, 7, 0, 0, 0, 指定7号沧浪岛投资, 0, 0, 0, ,
10107, 0, 0, 230, 8, 0, 0, 0, 指定8号幽灵岛投资, 0, 0, 0, ,
10108, 0, 0, 230, 9, 0, 0, 0, 指定9号宝矿山投资, 0, 0, 0, ,
10109, 0, 0, 230, 10, 0, 0, 0, 指定10号琅嬛福地投资, 0, 0, 0, ,
10110, 0, 0, 230, 11, 0, 0, 0, 指定11号大沧海投资, 0, 0, 0, ,
10111, 0, 0, 230, 12, 0, 0, 0, 指定12号东海玉涡投资, 0, 0, 0, ,
10112, 0, 0, 241, 1030, 0, 0, 0, 别苑建筑, 0, 0, 0, ,
11100, 0, 2, 19, 10010, 80116, 2, 1, 发现：钱塘城门, 1, 201142, 127944, 钱塘城门,
11101, 0, 2, 19, 10010, 80266, 2, 1, 发现：擂台铜锣, 1, 185479, 106998, 擂台铜锣,
11102, 0, 2, 19, 10010, 80191, 2, 1, 发现：永兴塔顶, 1, 218010, 47314, 永兴塔顶,
11103, 0, 2, 19, 10010, 80267, 2, 1, 发现：商道日晷, 1, 201172, 100811, 商道日晷,
11104, 0, 2, 19, 10010, 80268, 2, 1, 发现：望江城门, 1, 169240, 35789, 望江城门,
11105, 0, 2, 19, 10010, 80269, 2, 1, 发现：清波城门, 1, 156882, 85187, 清波城门,
11106, 0, 2, 19, 10010, 80270, 2, 1, 发现：望江码头, 1, 128774, 31563, 望江码头,
11107, 0, 2, 19, 10010, 80187, 2, 1, 发现：清波码头, 1, 122814, 93241, 清波码头,
11108, 0, 2, 19, 10010, 80259, 2, 1, 发现：剑谷界碑, 1, 306189, 182550, 剑谷界碑,
11109, 0, 2, 19, 10010, 80179, 2, 1, 发现：剑池天剑, 1, 319945, 178564, 剑池天剑,
11110, 0, 2, 19, 10010, 80261, 2, 1, 发现：环廊入口, 1, 315396, 168195, 环廊入口,
11111, 0, 2, 19, 10010, 80260, 2, 1, 发现：清谷幽居, 1, 306834, 173915, 清谷幽居,
11112, 0, 2, 19, 10010, 80276, 2, 1, 发现：野佛渡船, 1, 110677, 242117, 野佛渡船,
11113, 0, 2, 19, 10010, 80277, 2, 1, 发现：湖心客船, 1, 105329, 198427, 湖心客船,
11114, 0, 2, 19, 10010, 80275, 2, 1, 发现：问水别院, 1, 127199, 224760, 问水别院,
11115, 0, 2, 19, 10010, 80274, 2, 1, 发现：三潭印月, 1, 88463, 184585, 三潭印月,
11116, 0, 2, 19, 10010, 80256, 2, 1, 发现：护陵别院, 1, 319382, 201809, 护陵别院,
11117, 0, 2, 19, 10010, 80257, 2, 1, 发现：山道廊亭, 1, 329237, 202111, 山道廊亭,
11118, 0, 2, 19, 10010, 80197, 2, 1, 发现：后山木亭, 1, 362118, 207426, 后山木亭,
11119, 0, 2, 19, 10010, 80258, 2, 1, 发现：正殿神台, 1, 363044, 199136, 正殿神台,
11120, 0, 2, 19, 10010, 80262, 2, 1, 发现：龙首水坝, 1, 235413, 268208, 龙首水坝,
11121, 0, 2, 19, 10010, 80263, 2, 1, 发现：上南土地, 1, 215154, 269787, 上南土地,
11122, 0, 2, 19, 10010, 80264, 2, 1, 发现：石甬之首, 1, 222967, 286241, 石甬之首,
11123, 0, 2, 19, 10010, 80265, 2, 1, 发现：后山桃树, 1, 228037, 301160, 后山桃树,
11124, 0, 2, 19, 10010, 80254, 2, 1, 发现：山道木亭, 1, 281155, 289475, 山道木亭,
11125, 0, 2, 19, 10010, 80253, 2, 1, 发现：临山别院, 1, 269577, 289266, 临山别院,
11126, 0, 2, 19, 10010, 80255, 2, 1, 发现：问道石桥, 1, 277094, 317501, 问道石桥,
11127, 0, 2, 19, 10010, 80182, 2, 1, 发现：密道入口, 1, 271963, 332543, 密道入口,
11128, 0, 2, 19, 10010, 80249, 2, 1, 发现：禅字影壁, 1, 108264, 291887, 禅字影壁,
11129, 0, 2, 19, 10010, 80184, 2, 1, 发现：石塔之巅, 1, 92689, 307583, 石塔之巅,
11130, 0, 2, 19, 10010, 80247, 2, 1, 发现：祈福古树, 1, 122524, 298806, 祈福古树,
11131, 0, 2, 19, 10010, 80248, 2, 1, 发现：增长金刚, 1, 110438, 305528, 增长金刚,
11132, 0, 2, 19, 10010, 80252, 2, 1, 发现：城门点台, 1, 181101, 312919, 城门点台,
11133, 0, 2, 19, 10010, 80250, 2, 1, 发现：东平之焰, 1, 164311, 355059, 东平之焰,
11134, 0, 2, 19, 10010, 80199, 2, 1, 发现：金龙之脊, 1, 169342, 367065, 金龙之脊,
11135, 0, 2, 19, 10010, 80251, 2, 1, 发现：木塔之巅, 1, 155263, 372238, 木塔之巅,
11136, 0, 2, 19, 10010, 80273, 2, 1, 发现：西湖断桥, 1, 57472, 183282, 西湖断桥,
11137, 0, 2, 19, 10010, 80271, 2, 1, 发现：雷峰祈愿, 1, 81417, 161944, 雷峰祈愿,
11138, 0, 2, 19, 10010, 80186, 2, 1, 发现：雷峰塔顶, 1, 103510, 154396, 雷峰塔顶,
11139, 0, 2, 19, 10010, 80272, 2, 1, 发现：后山石桥, 1, 141029, 167624, 后山石桥,
11140, 0, 2, 144, 10117001, 0, 0, 0, 拾趣：藏经典籍, 1, 222745, 67286, 藏经典籍,
11141, 0, 2, 144, 10117002, 0, 0, 0, 拾趣：花船木伞, 1, 195515, 72168, 花船木伞,
11142, 0, 2, 144, 10117003, 0, 0, 0, 拾趣：商行古玩, 1, 185258, 46524, 商行古玩,
11143, 0, 2, 144, 10117004, 0, 0, 0, 拾趣：永兴遗珠, 1, 234810, 56658, 永兴遗珠,
11144, 0, 2, 144, 10117005, 0, 0, 0, 拾趣：廊道古琴, 1, 283182, 219688, 廊道古琴,
11145, 0, 2, 144, 10117006, 0, 0, 0, 拾趣：石桌茶点, 1, 273777, 206920, 石桌茶点,
11146, 0, 2, 144, 10117007, 0, 0, 0, 拾趣：山石文玩, 1, 267409, 208239, 山石文玩,
11147, 0, 2, 144, 10117008, 0, 0, 0, 拾趣：庭院睡莲, 1, 271543, 208301, 庭院睡莲,
11148, 0, 2, 144, 10117009, 0, 0, 0, 拾趣：铸剑竹简, 1, 320175, 178553, 铸剑竹简,
11149, 0, 2, 144, 10117010, 0, 0, 0, 拾趣：铸剑古卷, 1, 308621, 173873, 铸剑古卷,
11150, 0, 2, 144, 10117011, 0, 0, 0, 拾趣：铸剑古本, 1, 316444, 168400, 铸剑古本,
11151, 0, 2, 144, 10117012, 0, 0, 0, 拾趣：铸剑秘匣, 1, 326633, 178640, 铸剑秘匣,
11152, 0, 2, 144, 10117013, 0, 0, 0, 拾趣：野佛睡莲, 1, 117318, 232646, 野佛睡莲,
11153, 0, 2, 144, 10117014, 0, 0, 0, 拾趣：湖心睡莲, 1, 85054, 196390, 湖心睡莲,
11154, 0, 2, 144, 10117015, 0, 0, 0, 拾趣：问水鹰巢, 1, 127123, 228451, 问水鹰巢,
11155, 0, 2, 144, 10117016, 0, 0, 0, 拾趣：湖心鹰巢, 1, 126579, 220749, 湖心鹰巢,
11156, 0, 2, 144, 10117017, 0, 0, 0, 拾趣：陵园石佛, 1, 344381, 201937, 陵园石佛,
11157, 0, 2, 144, 10117018, 0, 0, 0, 拾趣：陵园红烛, 1, 352314, 202117, 陵园红烛,
11158, 0, 2, 144, 10117019, 0, 0, 0, 拾趣：陵园焚香, 1, 354823, 200146, 陵园焚香,
11159, 0, 2, 144, 10117020, 0, 0, 0, 拾趣：陵园牛骨, 1, 341829, 221171, 陵园牛骨,
11160, 0, 2, 144, 10117021, 0, 0, 0, 拾趣：上南红烛, 1, 218650, 267137, 上南红烛,
11161, 0, 2, 144, 10117022, 0, 0, 0, 拾趣：山泉古琴, 1, 228178, 301029, 山泉古琴,
11162, 0, 2, 144, 10117023, 0, 0, 0, 拾趣：滑索佳肴, 1, 242219, 285701, 滑索佳肴,
11163, 0, 2, 144, 10117024, 0, 0, 0, 拾趣：谷仓鸟巢, 1, 242699, 292717, 谷仓鸟巢,
11164, 0, 2, 144, 10117025, 0, 0, 0, 拾趣：马厩稻草, 1, 256921, 298000, 马厩稻草,
11165, 0, 2, 144, 10117026, 0, 0, 0, 拾趣：庭院竹笋, 1, 280302, 310972, 庭院竹笋,
11166, 0, 2, 144, 10117027, 0, 0, 0, 拾趣：山泉古琴, 1, 278296, 326330, 山泉古琴,
11167, 0, 2, 144, 10117028, 0, 0, 0, 拾趣：演武木桩, 1, 285219, 316514, 演武木桩,
11168, 0, 2, 144, 10117029, 0, 0, 0, 拾趣：石窟红烛, 1, 129924, 288562, 石窟红烛,
11169, 0, 2, 144, 10117030, 0, 0, 0, 拾趣：石窟白烛, 1, 133172, 294426, 石窟白烛,
11170, 0, 2, 144, 10117031, 0, 0, 0, 拾趣：金刚石佛, 1, 122406, 305753, 金刚石佛,
11171, 0, 2, 144, 10117032, 0, 0, 0, 拾趣：廊道古卷, 1, 106652, 314247, 廊道古卷,
11172, 0, 2, 144, 10117033, 0, 0, 0, 拾趣：辎重货物, 1, 163067, 315423, 辎重货物,
11173, 0, 2, 144, 10117034, 0, 0, 0, 拾趣：演武木桩, 1, 167307, 352488, 演武木桩,
11174, 0, 2, 144, 10117035, 0, 0, 0, 拾趣：东平兵法, 1, 200142, 354041, 东平兵法,
11175, 0, 2, 144, 10117036, 0, 0, 0, 拾趣：东平战枪, 1, 180603, 313745, 东平战枪,
11176, 0, 2, 28, 10404403, 2, 1, 0, 拜访：船夫, 1, 120633, 74825, 船夫,
11177, 0, 2, 28, 201074076, 2, 1, 0, 拜访：王富贵, 1, 147604, 105638, 王富贵,
11178, 0, 2, 28, 10101116, 2, 1, 0, 拜访：王喜金, 1, 148063, 105655, 王喜金,
11179, 0, 2, 28, 10404448, 2, 1, 0, 拜访：码头苦工, 1, 145911, 81063, 码头苦工,
11180, 0, 2, 28, 10107009, 2, 1, 0, 拜访：范仲淹, 1, 278786, 206697, 范仲淹,
11181, 0, 2, 28, 10107005, 2, 1, 0, 拜访：柳永, 1, 275588, 208894, 柳永,
11182, 0, 2, 28, 10107007, 2, 1, 0, 拜访：梅尧臣, 1, 274098, 213153, 梅尧臣,
11183, 0, 2, 28, 10107006, 2, 1, 0, 拜访：晏殊, 1, 273302, 218105, 晏殊,
11200, 0, 0, 52, 10010, 1, 0, 0, 大雨；小雨, 0, 0, 0, ,
11201, 0, 0, 52, 10010, 2, 0, 0, 雷雨；雷暴, 0, 0, 0, ,
11202, 0, 0, 52, 10010, 3, 0, 0, 阴天；多云；潮气；雾霾；大雾, 0, 0, 0, ,
11203, 0, 0, 52, 10010, 4, 0, 0, 晴天；烈日, 0, 0, 0, ,
11204, 0, 0, 52, 10010, 5, 0, 0, 大风；沙暴；台风, 0, 0, 0, ,
11205, 0, 0, 52, 10010, 6, 0, 0, 小雪；大雪, 0, 0, 0, ,
11206, 0, 0, 52, 10010, 7, 0, 0, 火山；花海, 0, 0, 0, ,
11207, 0, 2, 118, 153, 0, 0, 0, 画卷：一醉轩, 1, 0, 0, ,
11208, 0, 2, 118, 155, 0, 0, 0, 画卷：三潭印月, 1, 0, 0, ,
11209, 0, 2, 118, 158, 0, 0, 0, 画卷：问道台, 1, 0, 0, ,
11210, 0, 2, 118, 159, 0, 0, 0, 画卷：天绝禅院, 1, 0, 0, ,
11211, 0, 2, 118, 154, 0, 0, 0, 画卷：淬剑清谷, 1, 0, 0, ,
11212, 0, 2, 118, 152, 0, 0, 0, 画卷：风雨钱塘, 1, 0, 0, ,
11213, 0, 2, 118, 156, 0, 0, 0, 画卷：吴王陵, 1, 0, 0, ,
11214, 0, 2, 118, 157, 0, 0, 0, 画卷：百里荡, 1, 0, 0, ,
11215, 0, 2, 118, 160, 0, 0, 0, 画卷：东平郡王府, 1, 0, 0, ,
11216, 0, 2, 118, 161, 0, 0, 0, 画卷：雷峰夕照, 1, 0, 0, ,
11217, 0, 2, 118, 151, 0, 0, 0, 画卷：杭州城, 1, 0, 0, ,
11218, 0, 0, 50, 10010, 7, 0, 0, 烈日, 0, 0, 0, ,
11219, 0, 0, 50, 10010, 8, 0, 0, 雷雨, 0, 0, 0, ,
11220, 0, 0, 50, 10010, 10, 0, 0, 阴天, 0, 0, 0, ,
11300, 0, 2, 19, 10002, 80242, 2, 1, 发现：泰宁楼, 1, 87581, 322467, 泰宁楼,
11301, 0, 2, 19, 10002, 80244, 2, 1, 发现：德化楼, 1, 75319, 329763, 德化楼,
11302, 0, 2, 19, 10002, 80243, 2, 1, 发现：武平楼, 1, 87400, 333129, 武平楼,
11303, 0, 2, 19, 10002, 80239, 2, 1, 发现：野鹤石桥, 1, 209424, 185693, 野鹤石桥,
11304, 0, 2, 19, 10002, 80171, 2, 1, 发现：野鹤瀑布, 1, 221012, 164332, 野鹤瀑布,
11305, 0, 2, 19, 10002, 80238, 2, 1, 发现：野鹤酒楼, 1, 220986, 179270, 野鹤酒楼,
11310, 0, 2, 19, 10002, 80233, 2, 1, 发现：九门, 1, 301519, 123392, 九门,
11311, 0, 2, 19, 10002, 80232, 2, 1, 发现：万象门, 1, 293859, 123427, 万象门,
11312, 0, 2, 19, 10002, 80231, 2, 1, 发现：南台点将, 1, 293570, 108825, 南台点将,
11313, 0, 2, 19, 10002, 80172, 2, 1, 发现：九天阁顶, 1, 267474, 123485, 九天阁顶,
11314, 0, 2, 19, 10002, 80236, 2, 1, 发现：万蝶花台, 1, 93711, 114218, 万蝶花台,
11315, 0, 2, 19, 10002, 80235, 2, 1, 发现：杏林药台, 1, 106819, 92977, 杏林药台,
11316, 0, 2, 19, 10002, 80234, 2, 1, 发现：星罗棋局, 1, 149680, 64452, 星罗棋局,
11317, 0, 2, 19, 10002, 80237, 2, 1, 发现：墨玉崖顶, 1, 142439, 118970, 墨玉崖顶,
11318, 0, 2, 144, 10117101, 0, 0, 0, 拾趣：梯田草人, 1, 107215, 294871, 梯田草人,
11319, 0, 2, 144, 10117102, 0, 0, 0, 拾趣：梯田萝卜, 1, 101846, 302049, 梯田萝卜,
11320, 0, 2, 144, 10117103, 0, 0, 0, 拾趣：翠池白莲, 1, 113123, 323780, 翠池白莲,
11321, 0, 2, 144, 10117104, 0, 0, 0, 拾趣：一捆稻草, 1, 101802, 306348, 一捆稻草,
11322, 0, 2, 144, 10117105, 0, 0, 0, 拾趣：李记茶点, 1, 196691, 212110, 李记茶点,
11323, 0, 2, 144, 10117106, 0, 0, 0, 拾趣：郎中药碾, 1, 186912, 209592, 郎中药碾,
11324, 0, 2, 144, 10117107, 0, 0, 0, 拾趣：倪庄兵器, 1, 195524, 195435, 倪庄兵器,
11325, 0, 2, 144, 10117108, 0, 0, 0, 拾趣：倪庄藏酒, 1, 186187, 196436, 倪庄藏酒,
11326, 0, 2, 144, 10117109, 0, 0, 0, 拾趣：石滩竹笋, 1, 225952, 193693, 石滩竹笋,
11327, 0, 2, 144, 10117110, 0, 0, 0, 拾趣：酒楼货品, 1, 222669, 177786, 酒楼货品,
11328, 0, 2, 144, 10117111, 0, 0, 0, 拾趣：瀑布石佛, 1, 221082, 160851, 瀑布石佛,
11329, 0, 2, 144, 10117112, 0, 0, 0, 拾趣：瀑布遗珠, 1, 221405, 162527, 瀑布遗珠,
11330, 0, 2, 144, 10117113, 0, 0, 0, 拾趣：旧城幽香, 1, 223014, 140228, 旧城幽香,
11331, 0, 2, 144, 10117114, 0, 0, 0, 拾趣：旧城鹰巢, 1, 221552, 128167, 旧城鹰巢,
11332, 0, 2, 144, 10117115, 0, 0, 0, 拾趣：幽谷石佛, 1, 222525, 125337, 幽谷石佛,
11333, 0, 2, 144, 10117116, 0, 0, 0, 拾趣：龙首秘卷, 1, 224307, 108311, 龙首秘卷,
11334, 0, 2, 144, 10117117, 0, 0, 0, 拾趣：黑色石子, 1, 173472, 244967, 黑色石子,
11335, 0, 2, 144, 10117118, 0, 0, 0, 拾趣：白色石子, 1, 175191, 245153, 白色石子,
11336, 0, 2, 144, 10117119, 0, 0, 0, 拾趣：古观典籍, 1, 179767, 263804, 古观典籍,
11337, 0, 2, 144, 10117120, 0, 0, 0, 拾趣：古迹石像, 1, 199790, 238873, 古迹石像,
11338, 0, 2, 144, 10117121, 0, 0, 0, 拾趣：戏台木琴, 1, 281094, 222902, 戏台木琴,
11339, 0, 2, 144, 10117122, 0, 0, 0, 拾趣：李记茶点, 1, 283576, 209174, 李记茶点,
11340, 0, 2, 144, 10117123, 0, 0, 0, 拾趣：郑家文玩, 1, 280878, 214620, 郑家文玩,
11341, 0, 2, 144, 10117124, 0, 0, 0, 拾趣：张宽藏酒, 1, 283696, 218948, 张宽藏酒,
11342, 0, 2, 144, 10117125, 0, 0, 0, 拾趣：海礁拾贝, 1, 312047, 150531, 海礁拾贝,
11343, 0, 2, 144, 10117126, 0, 0, 0, 拾趣：码头货品, 1, 302583, 134604, 码头货品,
11344, 0, 2, 144, 10117127, 0, 0, 0, 拾趣：渔村拾贝, 1, 327573, 296436, 渔村拾贝,
11345, 0, 2, 144, 10117128, 0, 0, 0, 拾趣：渔村私酿, 1, 310917, 292150, 渔村私酿,
11346, 0, 2, 144, 10117129, 0, 0, 0, 拾趣：前院古籍, 1, 266861, 241818, 前院古籍,
11347, 0, 2, 144, 10117130, 0, 0, 0, 拾趣：树下古琴, 1, 259934, 250680, 树下古琴,
11348, 0, 2, 144, 10117131, 0, 0, 0, 拾趣：园艺石雀, 1, 247821, 258377, 园艺石雀,
11349, 0, 2, 144, 10117132, 0, 0, 0, 拾趣：宴会佳酿, 1, 250238, 244160, 宴会佳酿,
11350, 0, 2, 144, 10117133, 0, 0, 0, 拾趣：北侧辎重, 1, 288205, 139066, 北侧辎重,
11351, 0, 2, 144, 10117134, 0, 0, 0, 拾趣：南侧武桩, 1, 295938, 109898, 南侧武桩,
11352, 0, 2, 144, 10117135, 0, 0, 0, 拾趣：殿内秘匣, 1, 280544, 124511, 殿内秘匣,
11353, 0, 2, 144, 10117136, 0, 0, 0, 拾趣：火中煅剑, 1, 281353, 123351, 火中煅剑,
11354, 0, 2, 28, 20106080, 2, 1, 0, 拜访：路村长, 1, 94011, 326876, 路村长,
11355, 0, 2, 28, 10106061, 2, 1, 0, 拜访：袁孝, 1, 84780, 322607, 袁孝,
11356, 0, 2, 28, 10106004, 2, 1, 0, 拜访：老郎中, 1, 74801, 325197, 老郎中,
11357, 0, 2, 28, 10106006, 2, 1, 0, 拜访：卢璃, 1, 73118, 335197, 卢璃,
11358, 0, 2, 28, 10106002, 2, 1, 0, 拜访：茶摊小二, 1, 95701, 305483, 茶摊小二,
11359, 0, 2, 28, 10105440, 2, 1, 0, 拜访：翠池村民, 1, 108773, 316517, 翠池村民,
11360, 0, 2, 28, 10106049, 2, 1, 0, 拜访：老爷庙方丈, 1, 120929, 288236, 老爷庙方丈,
11361, 0, 2, 28, 10106029, 2, 1, 0, 拜访：老爷庙香客, 1, 120146, 288492, 老爷庙香客,
11362, 0, 2, 28, 20107765, 2, 1, 0, 拜访：晨曦, 1, 199182, 211285, 晨曦,
11363, 0, 2, 28, 10106075, 2, 1, 0, 拜访：莺莺, 1, 204910, 208886, 莺莺,
11364, 0, 2, 28, 10106017, 2, 1, 0, 拜访：淘金客, 1, 210368, 200174, 淘金客,
11365, 0, 2, 28, 10106039, 2, 1, 0, 拜访：不二刀, 1, 195067, 212676, 不二刀,
11366, 0, 2, 28, 10106165, 2, 1, 0, 拜访：玄明子, 1, 175627, 245609, 玄明子,
11367, 0, 2, 28, 10106162, 2, 1, 0, 拜访：无漄子, 1, 179681, 261358, 无漄子,
11368, 0, 2, 28, 10106163, 2, 1, 0, 拜访：山居道童, 1, 178936, 263106, 山居道童,
11369, 0, 2, 28, 10106164, 2, 1, 0, 拜访：山居道士, 1, 181217, 262240, 山居道士,
11370, 0, 2, 28, 10112046, 2, 1, 0, 拜访：茶博士, 1, 285888, 207983, 茶博士,
11371, 0, 2, 28, 10106157, 2, 1, 0, 拜访：小九, 1, 280965, 223216, 小九,
11372, 0, 2, 28, 10106014, 2, 1, 0, 拜访：耿丁, 1, 280092, 221475, 耿丁,
11373, 0, 2, 28, 10106099, 2, 1, 0, 拜访：吴宝, 1, 282753, 206414, 吴宝,
11374, 0, 2, 28, 10106107, 2, 1, 0, 拜访：渔村陈保, 1, 319052, 295635, 渔村陈保,
11375, 0, 2, 28, 10106117, 2, 1, 0, 拜访：渔村海燕, 1, 319222, 292179, 渔村海燕,
11376, 0, 2, 28, 10106118, 2, 1, 0, 拜访：渔村贝贝, 1, 319283, 286992, 渔村贝贝,
11377, 0, 2, 28, 10106116, 2, 1, 0, 拜访：渔村老猫儿, 1, 321357, 298802, 渔村老猫儿,
11378, 0, 2, 28, 20106339, 2, 1, 0, 拜访：潇潇, 1, 254685, 244101, 潇潇,
11379, 0, 2, 28, 10106023, 2, 1, 0, 拜访：子桑不寿, 1, 250911, 248729, 子桑不寿,
11380, 0, 2, 28, 20106328, 2, 1, 0, 拜访：楚钧天, 1, 246819, 239197, 楚钧天,
11381, 0, 2, 28, 20106334, 2, 1, 0, 拜访：楚卫, 1, 248070, 256890, 楚卫,
11382, 0, 2, 28, 10119017, 2, 1, 0, 拜访：白鹭洲, 1, 161654, 90089, 白鹭洲,
11383, 0, 2, 28, 10119023, 2, 1, 0, 拜访：宇文竹, 1, 177398, 75762, 宇文竹,
11384, 0, 2, 28, 10119019, 2, 1, 0, 拜访：唐青铃, 1, 182120, 145361, 唐青铃,
11385, 0, 2, 28, 10119000, 2, 1, 0, 拜访：梁知音, 1, 150201, 137215, 梁知音,
11400, 0, 0, 52, 10002, 1, 0, 0, 大雨；小雨, 0, 0, 0, ,
11401, 0, 0, 52, 10002, 2, 0, 0, 雷雨；雷暴, 0, 0, 0, ,
11402, 0, 0, 52, 10002, 3, 0, 0, 阴天；多云；潮气；雾霾；大雾, 0, 0, 0, ,
11403, 0, 0, 52, 10002, 4, 0, 0, 晴天；烈日, 0, 0, 0, ,
11404, 0, 0, 52, 10002, 5, 0, 0, 大风；沙暴；台风, 0, 0, 0, ,
11405, 0, 0, 52, 10002, 6, 0, 0, 小雪；大雪, 0, 0, 0, ,
11406, 0, 0, 52, 10002, 7, 0, 0, 火山；花海, 0, 0, 0, ,
11407, 0, 2, 118, 202, 0, 0, 0, 画卷：云泥梯田, 1, 0, 0, ,
11408, 0, 2, 118, 206, 0, 0, 0, 画卷：桃源道观, 1, 0, 0, ,
11409, 0, 2, 118, 207, 0, 0, 0, 画卷：宁海镇, 1, 0, 0, ,
11410, 0, 2, 118, 208, 0, 0, 0, 画卷：长乐滩, 1, 0, 0, ,
11411, 0, 2, 118, 209, 0, 0, 0, 画卷：桑楚山庄, 1, 0, 0, ,
11412, 0, 2, 118, 201, 0, 0, 0, 画卷：清永民居, 1, 0, 0, ,
11413, 0, 2, 118, 211, 0, 0, 0, 画卷：天香谷, 1, 0, 0, ,
11414, 0, 2, 118, 210, 0, 0, 0, 画卷：万象门, 1, 0, 0, ,
11415, 0, 2, 118, 203, 0, 0, 0, 画卷：乌金汊, 1, 0, 0, ,
11416, 0, 2, 118, 204, 0, 0, 0, 画卷：野鹤湫, 1, 0, 0, ,
11417, 0, 2, 118, 205, 0, 0, 0, 画卷：闽越旧城, 1, 0, 0, ,
11418, 0, 0, 50, 10002, 0, 0, 0, 小雨, 0, 0, 0, ,
11419, 0, 0, 50, 10002, 1, 0, 0, 大雨, 0, 0, 0, ,
11420, 0, 0, 50, 10002, 7, 0, 0, 烈日, 0, 0, 0, ,
11500, 0, 2, 19, 10011, 80214, 2, 1, 发现：铸神塔顶, 1, 147002, 283899, 铸神塔顶,
11501, 0, 2, 19, 10011, 80173, 2, 1, 发现：神谷剑池, 1, 159658, 276906, 神谷剑池,
11502, 0, 2, 19, 10011, 80215, 2, 1, 发现：剑池石亭, 1, 161185, 271494, 剑池石亭,
11503, 0, 2, 19, 10011, 80216, 2, 1, 发现：后山废墟, 1, 155112, 300763, 后山废墟,
11504, 0, 2, 19, 10011, 80221, 2, 1, 发现：嘉德石坊, 1, 242100, 136792, 嘉德石坊,
11505, 0, 2, 19, 10011, 80222, 2, 1, 发现：庭院石桥, 1, 236346, 122214, 庭院石桥,
11506, 0, 2, 19, 10011, 80224, 2, 1, 发现：阅江古亭, 1, 257092, 128825, 阅江古亭,
11507, 0, 2, 19, 10011, 80223, 2, 1, 发现：后山清瀑, 1, 242689, 113103, 后山清瀑,
11508, 0, 2, 19, 10011, 80218, 2, 1, 发现：松江之巅, 1, 216233, 191763, 松江之巅,
11509, 0, 2, 19, 10011, 80217, 2, 1, 发现：松江泛舟, 1, 204116, 220633, 松江泛舟,
11510, 0, 2, 19, 10011, 80226, 2, 1, 发现：天池之巅, 1, 204012, 81012, 天池之巅,
11511, 0, 2, 19, 10011, 80225, 2, 1, 发现：天池行商, 1, 240920, 69191, 天池远商,
11512, 0, 2, 19, 10011, 80236, 2, 1, 发现：山道石坊, 1, 316410, 201775, 山道石坊,
11513, 0, 2, 19, 10011, 80237, 2, 1, 发现：林中别院, 1, 326458, 192872, 林中别院,
11514, 0, 2, 19, 10011, 80239, 2, 1, 发现：草亭观林, 1, 312669, 175466, 草亭观林,
11515, 0, 2, 19, 10011, 80238, 2, 1, 发现：醉卧长风, 1, 337730, 172448, 醉卧长风,
11516, 0, 2, 19, 10011, 80235, 2, 1, 发现：木桥旧址, 1, 281303, 226263, 木桥旧址,
11517, 0, 2, 19, 10011, 80232, 2, 1, 发现：草亭旧址, 1, 303303, 197750, 草亭旧址,
11518, 0, 2, 19, 10011, 80233, 2, 1, 发现：石坊旧址, 1, 284472, 209529, 石坊旧址,
11519, 0, 2, 19, 10011, 80234, 2, 1, 发现：正殿旧址, 1, 302152, 208250, 正殿旧址,
11520, 0, 2, 19, 10011, 80228, 2, 1, 发现：幽谷琴台, 1, 180748, 152136, 幽谷琴台,
11521, 0, 2, 19, 10011, 80229, 2, 1, 发现：瑞兽石屏, 1, 185868, 113989, 瑞兽石屏,
11522, 0, 2, 19, 10011, 80231, 2, 1, 发现：山庄古井, 1, 158502, 176516, 山庄古井,
11523, 0, 2, 19, 10011, 80230, 2, 1, 发现：天泉之源, 1, 167116, 166046, 天泉之源,
11524, 0, 2, 19, 10011, 80220, 2, 1, 发现：长江之巅, 1, 276401, 180165, 长江之巅,
11525, 0, 2, 19, 10011, 80219, 2, 1, 发现：长江飞瀑, 1, 283930, 180230, 长江飞瀑,
11526, 0, 2, 19, 10011, 80175, 2, 1, 发现：总舵高台, 1, 311370, 92335, 总舵高台,
11527, 0, 2, 19, 10011, 80227, 2, 1, 发现：青石码头, 1, 262994, 83031, 青石码头,
11528, 0, 2, 28, 10105525, 2, 1, 0, 拜访：李红渠, 1, 69798, 247723, 李红渠,
11529, 0, 2, 28, 10105552, 2, 1, 0, 拜访：桑三娘, 1, 69087, 246229, 桑三娘,
11530, 0, 2, 28, 10105530, 2, 1, 0, 拜访：卢北川, 1, 70455, 247409, 卢北川,
11531, 0, 2, 28, 10105540, 2, 1, 0, 拜访：小豆子, 1, 84862, 268779, 小豆子,
11532, 0, 2, 28, 10105541, 2, 1, 0, 拜访：孙老头, 1, 88738, 264612, 孙老头,
11533, 0, 2, 28, 10105544, 2, 1, 0, 拜访：招娣儿, 1, 88852, 263924, 招娣儿,
11534, 0, 2, 28, 10105166, 2, 1, 0, 拜访：史黛兰, 1, 87983, 275162, 史黛兰,
11535, 0, 2, 28, 10105015, 2, 1, 0, 拜访：齐中原, 1, 97006, 269520, 齐中原,
11536, 0, 2, 28, 10105902, 2, 1, 0, 拜访：白子铭（需晴朗白天）, 1, 117385, 211560, 白子铭,
11537, 0, 2, 28, 10104518, 2, 1, 0, 拜访：丐帮弟子, 1, 142825, 227710, 丐帮弟子,
11538, 0, 2, 28, 10104546, 2, 1, 0, 拜访：曹孟夏, 1, 145800, 213485, 曹孟夏,
11539, 0, 2, 28, 10105911, 2, 1, 0, 拜访：陆清（需晴朗白天）, 1, 129532, 217171, 陆清,
11540, 0, 2, 28, 10105141, 2, 1, 0, 拜访：孟长风, 1, 335549, 172310, 孟长风,
11541, 0, 2, 28, 10105168, 2, 1, 0, 拜访：唐富, 1, 335435, 172165, 唐富,
11542, 0, 2, 144, 10117151, 0, 0, 0, 拾趣：马房稻草, 1, 64579, 242312, 马房稻草,
11543, 0, 2, 144, 10117152, 0, 0, 0, 拾趣：河滩雀巢, 1, 92577, 244516, 河滩雀巢,
11544, 0, 2, 144, 10117153, 0, 0, 0, 拾趣：小镇茶点, 1, 69623, 238775, 小镇茶点,
11545, 0, 2, 144, 10117154, 0, 0, 0, 拾趣：木亭画伞, 1, 89487, 239882, 木亭画伞,
11546, 0, 2, 144, 10117155, 0, 0, 0, 拾趣：古镇木伞, 1, 87128, 275367, 古镇木伞,
11547, 0, 2, 144, 10117156, 0, 0, 0, 拾趣：古镇文玩, 1, 81077, 266049, 古镇文玩,
11548, 0, 2, 144, 10117157, 0, 0, 0, 拾趣：南山猎弓, 1, 76788, 282859, 南山猎弓,
11549, 0, 2, 144, 10117158, 0, 0, 0, 拾趣：吊索辎重, 1, 88256, 290034, 吊索辎重,
11550, 0, 2, 144, 10117159, 0, 0, 0, 拾趣：山庄竹笋, 1, 139336, 273678, 山庄竹笋,
11551, 0, 2, 144, 10117160, 0, 0, 0, 拾趣：佛塔遗珠, 1, 147482, 282843, 佛塔遗珠,
11552, 0, 2, 144, 10117161, 0, 0, 0, 拾趣：演武木桩, 1, 171298, 285857, 演武木桩,
11553, 0, 2, 144, 10117162, 0, 0, 0, 拾趣：山庄藏酒, 1, 147574, 267383, 山庄藏酒,
11554, 0, 2, 144, 10117163, 0, 0, 0, 拾趣：西部草人, 1, 121754, 208159, 西部草人,
11555, 0, 2, 144, 10117164, 0, 0, 0, 拾趣：东部草人, 1, 176568, 216719, 东部草人,
11556, 0, 2, 144, 10117165, 0, 0, 0, 拾趣：北部草人, 1, 159465, 222797, 北部草人,
11557, 0, 2, 144, 10117166, 0, 0, 0, 拾趣：南部草人, 1, 135668, 209925, 南部草人,
11558, 0, 2, 144, 10117167, 0, 0, 0, 拾趣：清茶素点, 1, 255893, 129772, 清茶素点,
11559, 0, 2, 144, 10117168, 0, 0, 0, 拾趣：园艺石雀, 1, 242669, 121875, 园艺石雀,
11560, 0, 2, 144, 10117169, 0, 0, 0, 拾趣：小亭木琴, 1, 241945, 120496, 小亭木琴,
11561, 0, 2, 144, 10117170, 0, 0, 0, 拾趣：山石雀巢, 1, 244951, 112707, 山石雀巢,
11562, 0, 2, 144, 10117171, 0, 0, 0, 拾趣：废屋秘匣, 1, 301677, 209960, 废屋秘匣,
11563, 0, 2, 144, 10117172, 0, 0, 0, 拾趣：废屋陶罐, 1, 298580, 214660, 废屋陶罐,
11564, 0, 2, 144, 10117173, 0, 0, 0, 拾趣：废屋兵器, 1, 284511, 218706, 废屋兵器,
11565, 0, 2, 144, 10117174, 0, 0, 0, 拾趣：废屋石像, 1, 288154, 205393, 废屋石像,
11566, 0, 2, 144, 10117175, 0, 0, 0, 拾趣：琴台古琴, 1, 180297, 152032, 琴台古琴,
11567, 0, 2, 144, 10117176, 0, 0, 0, 拾趣：天泉佳酿, 1, 193904, 120430, 天泉佳酿,
11568, 0, 2, 144, 10117177, 0, 0, 0, 拾趣：小亭遗卷, 1, 171678, 114190, 小亭遗卷,
11569, 0, 2, 144, 10117178, 0, 0, 0, 拾趣：柴房稻草, 1, 173044, 190598, 柴房稻草,
11600, 0, 0, 52, 10011, 1, 0, 0, 大雨；小雨, 0, 0, 0, ,
11601, 0, 0, 52, 10011, 2, 0, 0, 雷雨；雷暴, 0, 0, 0, ,
11602, 0, 0, 52, 10011, 3, 0, 0, 阴天；多云；潮气；雾霾；大雾, 0, 0, 0, ,
11603, 0, 0, 52, 10011, 4, 0, 0, 晴天；烈日, 0, 0, 0, ,
11604, 0, 0, 52, 10011, 5, 0, 0, 大风；沙暴；台风, 0, 0, 0, ,
11605, 0, 0, 52, 10011, 6, 0, 0, 小雪；大雪, 0, 0, 0, ,
11606, 0, 0, 52, 10011, 7, 0, 0, 火山；花海, 0, 0, 0, ,
11607, 0, 2, 118, 254, 0, 0, 0, 画卷：龙井茶园, 1, 0, 0, ,
11608, 0, 2, 118, 255, 0, 0, 0, 画卷：四明书院, 1, 0, 0, ,
11609, 0, 2, 118, 256, 0, 0, 0, 画卷：连环坞, 1, 0, 0, ,
11610, 0, 2, 118, 257, 0, 0, 0, 画卷：长风林, 1, 0, 0, ,
11611, 0, 2, 118, 259, 0, 0, 0, 画卷：天泉日出, 1, 0, 0, ,
11612, 0, 2, 118, 251, 0, 0, 0, 画卷：飞雪滩, 1, 0, 0, ,
11613, 0, 2, 118, 258, 0, 0, 0, 画卷：霹雳堂旧址, 1, 0, 0, ,
11614, 0, 2, 118, 253, 0, 0, 0, 画卷：铸神谷, 1, 0, 0, ,
11615, 0, 2, 118, 252, 0, 0, 0, 画卷：枫桥夜泊, 1, 0, 0, ,
11616, 0, 0, 50, 10011, 7, 0, 0, 烈日, 0, 0, 0, ,
11617, 0, 0, 50, 10011, 0, 0, 0, 小雨, 0, 0, 0, ,
11703, 0, 2, 19, 10004, 80066, 2, 1, 发现：饮马绿洲, 1, 211455, 174778, 饮马绿洲,
11704, 0, 2, 19, 10004, 80135, 2, 1, 发现：凤鸣绿洲, 1, 305560, 222094, 凤鸣绿洲,
11705, 0, 2, 19, 10004, 80134, 2, 1, 发现：饮马民居, 1, 217164, 138977, 饮马民居,
11706, 0, 2, 19, 10004, 80138, 2, 1, 发现：凤鸣集市, 1, 302615, 231011, 凤鸣集市,
11707, 0, 2, 19, 10004, 80072, 2, 1, 发现：主营大篷, 1, 370220, 243526, 主营大篷,
11708, 0, 2, 19, 10004, 80141, 2, 1, 发现：东部侧营, 1, 370831, 231936, 东部侧营,
11709, 0, 2, 19, 10004, 80140, 2, 1, 发现：西部侧营, 1, 355701, 226270, 西部侧营,
11710, 0, 2, 19, 10004, 80142, 2, 1, 发现：营地哨塔, 1, 366012, 231447, 营地哨塔,
11711, 0, 2, 19, 10004, 80144, 2, 1, 发现：北部石阵, 1, 265727, 200887, 北部石阵,
11712, 0, 2, 19, 10004, 80067, 2, 1, 发现：中部石阵, 1, 259594, 189235, 中部石阵,
11713, 0, 2, 19, 10004, 80145, 2, 1, 发现：南部石阵, 1, 256330, 176612, 南部石阵,
11714, 0, 2, 19, 10004, 80143, 2, 1, 发现：东部废墟, 1, 273678, 187352, 东部废墟,
11715, 0, 2, 19, 10004, 80148, 2, 1, 发现：北部大帐, 1, 199993, 108431, 北部大帐,
11716, 0, 2, 19, 10004, 80070, 2, 1, 发现：中部大帐, 1, 207439, 110620, 中部大帐,
11717, 0, 2, 19, 10004, 80150, 2, 1, 发现：南部大帐, 1, 213290, 119669, 南部大帐,
11718, 0, 2, 19, 10004, 80149, 2, 1, 发现：西部大帐, 1, 211382, 105377, 西部大帐,
11719, 0, 2, 19, 10004, 80147, 2, 1, 发现：北柱之顶, 1, 309370, 95120, 北柱之顶,
11720, 0, 2, 19, 10004, 80069, 2, 1, 发现：南柱之顶, 1, 311635, 69016, 南柱之顶,
11721, 0, 2, 19, 10004, 80146, 2, 1, 发现：南部哨岗, 1, 295649, 64828, 南部哨岗,
11722, 0, 2, 19, 10004, 80153, 2, 1, 发现：点将苍梧, 1, 120266, 63140, 点将苍梧,
11723, 0, 2, 19, 10004, 80152, 2, 1, 发现：石壁罗刹, 1, 129155, 52045, 石壁罗刹,
11724, 0, 2, 19, 10004, 80151, 2, 1, 发现：双生罗刹, 1, 137424, 23037, 双生罗刹,
11725, 0, 2, 19, 10004, 80071, 2, 1, 发现：苍梧之顶, 1, 148492, 72361, 苍梧之顶,
11726, 0, 2, 19, 10004, 80155, 2, 1, 发现：西侧哨塔, 1, 304048, 284753, 西侧哨塔,
11727, 0, 2, 19, 10004, 80154, 2, 1, 发现：东侧哨塔, 1, 320566, 283825, 东侧哨塔,
11728, 0, 2, 19, 10004, 80156, 2, 1, 发现：配殿之顶, 1, 326015, 276512, 配殿之顶,
11729, 0, 2, 19, 10004, 80068, 2, 1, 发现：正殿之顶, 1, 314227, 294539, 正殿之顶,
11730, 0, 2, 28, 10102015, 2, 1, 0, 拜访：韩莹莹, 1, 153009, 289928, 韩莹莹,
11731, 0, 2, 28, 10102171, 2, 1, 0, 拜访：孟青鸾, 1, 146103, 293974, 孟青鸾,
11732, 0, 2, 28, 10102011, 2, 1, 0, 拜访：韩学信, 1, 152406, 289193, 韩学信,
11733, 0, 2, 28, 10102013, 2, 1, 0, 拜访：唐青衫, 1, 151793, 288540, 唐青衫,
11734, 0, 2, 28, 10102076, 2, 1, 0, 拜访：燕云牧民, 1, 126498, 118252, 燕云牧民,
11735, 0, 2, 28, 10102080, 2, 1, 0, 拜访：燕云行商, 1, 237386, 151951, 燕云行商,
11736, 0, 2, 28, 10102078, 2, 1, 0, 拜访：燕云孩童, 1, 286566, 233800, 燕云孩童,
11737, 0, 2, 28, 10102075, 2, 1, 0, 拜访：燕云平民, 1, 289634, 234497, 燕云平民,
11738, 0, 2, 28, 10102088, 2, 1, 0, 拜访：李保正, 1, 227997, 95221, 李保正,
11739, 0, 2, 28, 10102096, 2, 1, 0, 拜访：拓跋大勇, 1, 225800, 99400, 拓跋大勇,
11740, 0, 2, 28, 10102101, 2, 1, 0, 拜访：贺兰雪, 1, 222563, 100284, 贺兰雪,
11741, 0, 2, 28, 10102097, 2, 1, 0, 拜访：李大龙, 1, 223500, 106600, 李大龙,
11742, 0, 2, 144, 10117201, 0, 0, 0, 拾趣：神威兵书, 1, 145659, 294179, 神威兵书,
11743, 0, 2, 144, 10117202, 0, 0, 0, 拾趣：宴会佳酿, 1, 150355, 294213, 宴会佳酿,
11744, 0, 2, 144, 10117203, 0, 0, 0, 拾趣：神威长枪, 1, 145722, 290702, 神威长枪,
11745, 0, 2, 144, 10117204, 0, 0, 0, 拾趣：演武木桩, 1, 147850, 288180, 演武木桩,
11746, 0, 2, 144, 10117205, 0, 0, 0, 拾趣：岩洞石佛, 1, 176194, 183304, 岩洞石佛,
11747, 0, 2, 144, 10117206, 0, 0, 0, 拾趣：岩洞鹰巢, 1, 170621, 192787, 岩洞鹰巢,
11748, 0, 2, 144, 10117207, 0, 0, 0, 拾趣：岩洞陶罐, 1, 176497, 181668, 岩洞陶罐,
11749, 0, 2, 144, 10117208, 0, 0, 0, 拾趣：岩洞罗刹, 1, 171489, 192729, 岩洞罗刹,
11750, 0, 2, 144, 10117209, 0, 0, 0, 拾趣：玛尼石堆, 1, 371821, 241176, 玛尼石堆,
11751, 0, 2, 144, 10117210, 0, 0, 0, 拾趣：营外牛骨, 1, 356258, 241021, 营外牛骨,
11752, 0, 2, 144, 10117211, 0, 0, 0, 拾趣：侧营箭靶, 1, 354444, 222655, 侧营箭靶,
11753, 0, 2, 144, 10117212, 0, 0, 0, 拾趣：马厩稻草, 1, 364037, 248095, 马厩稻草,
11754, 0, 2, 144, 10117213, 0, 0, 0, 拾趣：玛尼石堆, 1, 270498, 188702, 玛尼石堆,
11755, 0, 2, 144, 10117214, 0, 0, 0, 拾趣：石阵陶罐, 1, 266940, 202479, 石阵陶罐,
11756, 0, 2, 144, 10117215, 0, 0, 0, 拾趣：石阵罗刹, 1, 259526, 188957, 石阵罗刹,
11757, 0, 2, 144, 10117216, 0, 0, 0, 拾趣：石阵牛骨, 1, 256287, 176445, 石阵牛骨,
11758, 0, 2, 144, 10117217, 0, 0, 0, 拾趣：辎重货品, 1, 309289, 99950, 辎重货品,
11759, 0, 2, 144, 10117218, 0, 0, 0, 拾趣：营寨陈酿, 1, 308906, 80252, 营寨陈酿,
11760, 0, 2, 144, 10117219, 0, 0, 0, 拾趣：沙地牛骨, 1, 306658, 60369, 沙地牛骨,
11761, 0, 2, 144, 10117220, 0, 0, 0, 拾趣：正殿箭靶, 1, 297258, 74358, 正殿箭靶,
11762, 0, 2, 144, 10117221, 0, 0, 0, 拾趣：峡谷石佛, 1, 128706, 37827, 峡谷石佛,
11763, 0, 2, 144, 10117222, 0, 0, 0, 拾趣：峡谷鹰巢, 1, 141715, 26165, 峡谷鹰巢,
11764, 0, 2, 144, 10117223, 0, 0, 0, 拾趣：峡谷陶罐, 1, 124583, 48972, 峡谷陶罐,
11765, 0, 2, 144, 10117224, 0, 0, 0, 拾趣：峡谷罗刹, 1, 110175, 30990, 峡谷罗刹,
11766, 0, 2, 144, 10117225, 0, 0, 0, 拾趣：演武木桩, 1, 322308, 271220, 演武木桩,
11767, 0, 2, 144, 10117226, 0, 0, 0, 拾趣：辎重货品, 1, 303273, 268446, 辎重货品,
11768, 0, 2, 144, 10117227, 0, 0, 0, 拾趣：宴席茶点, 1, 318647, 273206, 宴席茶点,
11769, 0, 2, 144, 10117228, 0, 0, 0, 拾趣：侧殿鹰巢, 1, 325158, 276544, 侧殿鹰巢,
11800, 0, 0, 52, 10004, 1, 0, 0, 大雨；小雨, 0, 0, 0, ,
11801, 0, 0, 52, 10004, 2, 0, 0, 雷雨；雷暴, 0, 0, 0, ,
11802, 0, 0, 52, 10004, 3, 0, 0, 阴天；多云；潮气；雾霾；大雾, 0, 0, 0, ,
11803, 0, 0, 52, 10004, 4, 0, 0, 晴天；烈日, 0, 0, 0, ,
11804, 0, 0, 52, 10004, 5, 0, 0, 大风；沙暴；台风, 0, 0, 0, ,
11805, 0, 0, 52, 10004, 6, 0, 0, 小雪；大雪, 0, 0, 0, ,
11806, 0, 0, 52, 10004, 7, 0, 0, 火山；花海, 0, 0, 0, ,
11807, 0, 2, 118, 305, 0, 0, 0, 画卷：瀚海戈壁, 1, 0, 0, ,
11808, 0, 2, 118, 307, 0, 0, 0, 画卷：神木谷, 1, 0, 0, ,
11809, 0, 2, 118, 308, 0, 0, 0, 画卷：苍梧城, 1, 0, 0, ,
11810, 0, 2, 118, 309, 0, 0, 0, 画卷：风飞谷, 1, 0, 0, ,
11811, 0, 2, 118, 303, 0, 0, 0, 画卷：月下饮马, 1, 0, 0, ,
11812, 0, 2, 118, 304, 0, 0, 0, 画卷：策马坡, 1, 0, 0, ,
11813, 0, 2, 118, 306, 0, 0, 0, 画卷：绝尘马场, 1, 0, 0, ,
11814, 0, 2, 118, 301, 0, 0, 0, 画卷：燕云神威, 1, 0, 0, ,
11815, 0, 2, 118, 302, 0, 0, 0, 画卷：怪石黑风, 1, 0, 0, ,
11900, 0, 2, 19, 10009, 80158, 2, 1, 发现：穿过山门, 1, 218849, 318106, 穿过山门,
11901, 0, 2, 19, 10009, 80157, 2, 1, 发现：山门驿站, 1, 222360, 315127, 山门驿站,
11902, 0, 2, 19, 10009, 80156, 2, 1, 发现：太白山道, 1, 244649, 326299, 太白山道,
11903, 0, 2, 19, 10009, 80161, 2, 1, 发现：剑碑之顶, 1, 277960, 326456, 剑碑之顶,
11904, 0, 2, 19, 10009, 80160, 2, 1, 发现：麒麟之背, 1, 283618, 340057, 麒麟之背,
11905, 0, 2, 19, 10009, 80159, 2, 1, 发现：剑阁之顶, 1, 262955, 340268, 剑阁之顶,
11906, 0, 2, 19, 10009, 80105, 2, 1, 发现：祭坛之顶, 1, 316626, 289625, 祭坛之顶,
11907, 0, 2, 19, 10009, 80165, 2, 1, 发现：剑池长桥, 1, 353446, 344858, 剑池长桥,
11908, 0, 2, 19, 10009, 80162, 2, 1, 发现：冰岛双瀑, 1, 379329, 313012, 冰岛双瀑,
11909, 0, 2, 19, 10009, 80164, 2, 1, 发现：沉剑石碑, 1, 360583, 329608, 沉剑石碑,
11910, 0, 2, 19, 10009, 80163, 2, 1, 发现：剑阁之顶, 1, 360893, 342891, 剑阁之顶,
11911, 0, 2, 19, 10009, 80168, 2, 1, 发现：龙岭禅院, 1, 265546, 242477, 龙岭禅院,
11912, 0, 2, 19, 10009, 80107, 2, 1, 发现：蛟龙残城, 1, 259611, 277349, 蛟龙残城,
11913, 0, 2, 19, 10009, 80169, 2, 1, 发现：山岭木坊, 1, 277740, 287281, 山岭木坊,
11914, 0, 2, 19, 10009, 80153, 2, 1, 发现：论剑山门, 1, 265431, 359588, 论剑山门,
11915, 0, 2, 19, 10009, 80152, 2, 1, 发现：麒麟影壁, 1, 265523, 373214, 麒麟影壁,
11916, 0, 2, 19, 10009, 80154, 2, 1, 发现：石狮之背, 1, 241255, 370041, 石狮之背,
11917, 0, 2, 19, 10009, 80155, 2, 1, 发现：剑锋影墙, 1, 237017, 355263, 剑锋影墙,
11918, 0, 2, 19, 10009, 80108, 2, 1, 发现：太极阵眼, 1, 211209, 162752, 太极阵眼,
11919, 0, 2, 19, 10009, 80138, 2, 1, 发现：玉泉丹台, 1, 211215, 184354, 玉泉丹台,
11920, 0, 2, 19, 10009, 80139, 2, 1, 发现：西殿之顶, 1, 190291, 185594, 西殿之顶,
11921, 0, 2, 19, 10009, 80140, 2, 1, 发现：东殿遗址, 1, 225418, 198806, 东殿遗址,
11922, 0, 2, 19, 10009, 80110, 2, 1, 发现：正殿之顶, 1, 162131, 232294, 正殿之顶,
11923, 0, 2, 19, 10009, 80142, 2, 1, 发现：西部露台, 1, 141106, 216756, 西部露台,
11924, 0, 2, 19, 10009, 80143, 2, 1, 发现：南部露台, 1, 154849, 189858, 南部露台,
11925, 0, 2, 19, 10009, 80141, 2, 1, 发现：东部露台, 1, 161453, 208080, 东部露台,
11926, 0, 2, 19, 10009, 80147, 2, 1, 发现：正殿之顶, 1, 187380, 88329, 正殿之顶,
11927, 0, 2, 19, 10009, 80146, 2, 1, 发现：茶摊佳肴, 1, 179229, 103502, 茶摊佳肴,
11928, 0, 2, 19, 10009, 80145, 2, 1, 发现：小镇古井, 1, 183614, 105700, 小镇古井,
11929, 0, 2, 19, 10009, 80144, 2, 1, 发现：暮雪钟鸣, 1, 180126, 88567, 暮雪钟鸣,
11930, 0, 2, 19, 10009, 80166, 2, 1, 发现：正殿桃树, 1, 312221, 249050, 正殿桃树,
11931, 0, 2, 19, 10009, 80075, 2, 1, 发现：北部配殿, 1, 304917, 263348, 北部配殿,
11932, 0, 2, 19, 10009, 80106, 2, 1, 发现：东部钟楼, 1, 325011, 233843, 东部钟楼,
11933, 0, 2, 19, 10009, 80167, 2, 1, 发现：中部钟楼, 1, 312540, 255094, 中部钟楼,
11934, 0, 2, 28, 10103024, 2, 1, 0, 拜访：守门弟子, 1, 218687, 317699, 守门弟子,
11935, 0, 2, 28, 80002, 2, 1, 0, 拜访：秦川车夫, 1, 220235, 320805, 秦川车夫,
11936, 0, 2, 28, 10103001, 2, 1, 0, 拜访：许长生, 1, 222322, 314940, 许长生,
11937, 0, 2, 28, 10103028, 2, 1, 0, 拜访：苏北辰, 1, 251157, 326242, 苏北辰,
11938, 0, 2, 28, 10103003, 2, 1, 0, 拜访：于青, 1, 265907, 340191, 于青,
11939, 0, 2, 28, 10103030, 2, 1, 0, 拜访：藏剑使, 1, 268131, 342028, 藏剑使,
11940, 0, 2, 28, 10103002, 2, 1, 0, 拜访：风无痕, 1, 302273, 340082, 风无痕,
11941, 0, 2, 28, 10103012, 2, 1, 0, 拜访：穆清, 1, 286798, 337401, 穆清,
11945, 0, 2, 28, 10103060, 2, 1, 0, 拜访：独孤飞云, 1, 252235, 399324, 独孤飞云,
11946, 0, 2, 28, 10105925, 2, 1, 0, 拜访：李岚, 1, 257881, 387938, 李岚,
11947, 0, 2, 28, 10103023, 2, 1, 0, 拜访：掌剑使, 1, 251661, 399185, 掌剑使,
11948, 0, 2, 28, 10103072, 2, 1, 0, 拜访：掌剑阁弟子, 1, 253320, 394957, 掌剑阁弟子,
11949, 0, 2, 28, 10111012, 2, 1, 0, 拜访：独孤若虚, 1, 185135, 104437, 独孤若虚,
11950, 0, 2, 28, 10111024, 2, 1, 0, 拜访：温景梵, 1, 176031, 98054, 温景梵,
11951, 0, 2, 28, 10111052, 2, 1, 0, 拜访：石东陵, 1, 180298, 97904, 石东陵,
11952, 0, 2, 28, 10111051, 2, 1, 0, 拜访：桃子, 1, 177368, 92045, 桃子,
11953, 0, 2, 144, 10117251, 0, 0, 0, 拾趣：东殿残卷, 1, 228189, 199091, 东殿残卷,
11954, 0, 2, 144, 10117252, 0, 0, 0, 拾趣：东殿遗卷, 1, 236211, 206437, 东殿遗卷,
11955, 0, 2, 144, 10117253, 0, 0, 0, 拾趣：正殿古琴, 1, 211225, 169304, 正殿古琴,
11956, 0, 2, 144, 10117254, 0, 0, 0, 拾趣：西殿道经, 1, 191335, 183112, 西殿道经,
11957, 0, 2, 144, 10117255, 0, 0, 0, 拾趣：炼丹密卷, 1, 160580, 232616, 炼丹密卷,
11958, 0, 2, 144, 10117256, 0, 0, 0, 拾趣：桃林遗伞, 1, 148431, 213161, 桃林遗伞,
11959, 0, 2, 144, 10117257, 0, 0, 0, 拾趣：寒池听琴, 1, 133620, 211333, 寒池听琴,
11960, 0, 2, 144, 10117258, 0, 0, 0, 拾趣：露台药碾, 1, 153864, 192323, 露台药碾,
12000, 0, 0, 52, 10009, 1, 0, 0, 大雨；小雨, 0, 0, 0, ,
12001, 0, 0, 52, 10009, 2, 0, 0, 雷雨；雷暴, 0, 0, 0, ,
12002, 0, 0, 52, 10009, 3, 0, 0, 阴天；多云；潮气；雾霾；大雾, 0, 0, 0, ,
12003, 0, 0, 52, 10009, 4, 0, 0, 晴天；烈日, 0, 0, 0, ,
12004, 0, 0, 52, 10009, 5, 0, 0, 大风；沙暴；台风, 0, 0, 0, ,
12005, 0, 0, 52, 10009, 6, 0, 0, 小雪；大雪, 0, 0, 0, ,
12006, 0, 0, 52, 10009, 7, 0, 0, 火山；花海, 0, 0, 0, ,
12007, 0, 2, 118, 355, 0, 0, 0, 画卷：论剑锋, 1, 0, 0, ,
12008, 0, 2, 118, 357, 0, 0, 0, 画卷：药王谷, 1, 0, 0, ,
12009, 0, 2, 118, 352, 0, 0, 0, 画卷：论剑坪, 1, 0, 0, ,
12010, 0, 2, 118, 358, 0, 0, 0, 画卷：鹦哥镇, 1, 0, 0, ,
12011, 0, 2, 118, 351, 0, 0, 0, 画卷：太白山门, 1, 0, 0, ,
12012, 0, 2, 118, 356, 0, 0, 0, 画卷：玉泉院, 1, 0, 0, ,
12013, 0, 2, 118, 354, 0, 0, 0, 画卷：秦川云海, 1, 0, 0, ,
12014, 0, 2, 118, 353, 0, 0, 0, 画卷：沉剑池, 1, 0, 0, ,
12015, 0, 0, 50, 10009, 2, 0, 0, 小雪, 0, 0, 0, ,
12016, 0, 0, 50, 10009, 3, 0, 0, 大雪, 0, 0, 0, ,
12100, 0, 2, 19, 10013, 80161, 2, 1, 发现：通缉告示, 1, 248093, 178447, 通缉告示,
12101, 0, 2, 19, 10013, 80160, 2, 1, 发现：古镇摊群, 1, 237711, 177706, 古镇摊群,
12102, 0, 2, 19, 10013, 80159, 2, 1, 发现：古镇断墙, 1, 248864, 173998, 古镇断墙,
12103, 0, 2, 19, 10013, 80158, 2, 1, 发现：古镇之巅, 1, 245493, 185972, 古镇之巅,
12104, 0, 2, 19, 10013, 80162, 2, 1, 发现：骅阳林界碑, 1, 202813, 98364, 骅阳林界碑,
12105, 0, 2, 19, 10013, 80163, 2, 1, 发现：东部营帐, 1, 199870, 100815, 东部营帐,
12106, 0, 2, 19, 10013, 80134, 2, 1, 发现：西部营帐, 1, 169766, 108762, 西部营帐,
12110, 0, 2, 19, 10013, 80153, 2, 1, 发现：古寺界碑, 1, 280599, 241720, 古寺界碑,
12111, 0, 2, 19, 10013, 80131, 2, 1, 发现：禅院塔楼, 1, 306648, 232409, 禅院塔楼,
12112, 0, 2, 19, 10013, 80154, 2, 1, 发现：配殿拜佛, 1, 295180, 265985, 配殿拜佛,
12113, 0, 2, 19, 10013, 80155, 2, 1, 发现：正殿礼佛, 1, 309369, 246957, 正殿礼佛,
12114, 0, 2, 19, 10013, 80152, 2, 1, 发现：神武拜庄, 1, 129668, 222427, 神武拜庄,
12115, 0, 2, 19, 10013, 80150, 2, 1, 发现：断剑赏瀑, 1, 117293, 248645, 断剑赏瀑,
12116, 0, 2, 19, 10013, 80151, 2, 1, 发现：玄刀点将, 1, 134615, 266848, 玄刀点将,
12117, 0, 2, 19, 10013, 80133, 2, 1, 发现：神武内殿, 1, 134551, 278741, 神武内殿,
12118, 0, 2, 28, 10109117, 2, 1, 0, 拜访：蛇夫, 1, 115133, 183605, 蛇夫,
12119, 0, 2, 28, 10109116, 2, 1, 0, 拜访：秦暮天, 1, 119879, 184067, 秦暮天,
12120, 0, 2, 28, 10109114, 2, 1, 0, 拜访：刘广, 1, 119821, 182755, 刘广,
12121, 0, 2, 28, 10109115, 2, 1, 0, 拜访：平阳驿使, 1, 117863, 182303, 平阳驿使,
12122, 0, 2, 28, 10109014, 2, 1, 0, 拜访：客栈老板, 1, 234554, 185231, 客栈老板,
12123, 0, 2, 28, 10109164, 2, 1, 0, 拜访：客栈小二, 1, 192022, 196859, 客栈小二,
12124, 0, 2, 28, 10109058, 2, 1, 0, 拜访：天涯浪客, 1, 192059, 196176, 天涯浪客,
12125, 0, 2, 28, 10109044, 2, 1, 0, 拜访：神刀探子, 1, 190298, 197354, 神刀探子,
12126, 0, 2, 28, 10109086, 2, 1, 0, 拜访：小石头, 1, 229710, 178120, 小石头,
12127, 0, 2, 28, 10109094, 2, 1, 0, 拜访：朱瑾, 1, 235614, 174885, 朱瑾,
12128, 0, 2, 28, 10109009, 2, 1, 0, 拜访：杜仲, 1, 241102, 183177, 杜仲,
12129, 0, 2, 28, 10109066, 2, 1, 0, 拜访：小幺儿, 1, 253574, 176205, 小幺儿,
12130, 0, 2, 28, 10109019, 2, 1, 0, 拜访：僧茂, 1, 297052, 254476, 僧茂,
12131, 0, 2, 28, 10109016, 2, 1, 0, 拜访：佛屠澄, 1, 307031, 246933, 佛屠澄,
12132, 0, 2, 28, 10109022, 2, 1, 0, 拜访：释慧嵩, 1, 299161, 240900, 释慧嵩,
12133, 0, 2, 28, 10101333, 2, 1, 0, 拜访：渡厄尊者, 1, 295425, 264023, 渡厄尊者,
12134, 0, 2, 28, 10109147, 2, 1, 0, 拜访：范宽, 1, 243284, 62432, 范宽,
12135, 0, 2, 28, 10109157, 2, 1, 0, 拜访：范瑶, 1, 236980, 66357, 范瑶,
12136, 0, 2, 28, 10109158, 2, 1, 0, 拜访：石雅馨, 1, 252027, 87566, 石雅馨,
12137, 0, 2, 28, 10109148, 2, 1, 0, 拜访：石守信, 1, 254549, 83671, 石守信,
12138, 0, 2, 144, 10117301, 0, 0, 0, 拾趣：木桥陶罐, 1, 130436, 195249, 木桥陶罐,
12139, 0, 2, 144, 10117302, 0, 0, 0, 拾趣：外营辎重, 1, 144269, 200630, 外营辎重,
12140, 0, 2, 144, 10117303, 0, 0, 0, 拾趣：滩涂雀巢, 1, 134391, 190874, 滩涂鸟巢,
12141, 0, 2, 144, 10117304, 0, 0, 0, 拾趣：木桥石佛, 1, 148530, 206799, 木桥石佛,
12142, 0, 2, 144, 10117305, 0, 0, 0, 拾趣：陈年佳酿, 1, 192432, 196344, 陈年佳酿,
12143, 0, 2, 144, 10117306, 0, 0, 0, 拾趣：美味茶点, 1, 191285, 197481, 美味茶点,
12144, 0, 2, 144, 10117307, 0, 0, 0, 拾趣：瓷器文玩, 1, 189365, 194819, 瓷器文玩,
12145, 0, 2, 144, 10117308, 0, 0, 0, 拾趣：经书典籍, 1, 192197, 194885, 经书典籍,
12146, 0, 2, 144, 10117309, 0, 0, 0, 拾趣：东部辎重, 1, 199464, 101643, 东部辎重,
12147, 0, 2, 144, 10117310, 0, 0, 0, 拾趣：东部藏酒, 1, 199251, 101064, 东部藏酒,
12148, 0, 2, 144, 10117311, 0, 0, 0, 拾趣：西部箭靶, 1, 169328, 107964, 西部箭靶,
12149, 0, 2, 144, 10117312, 0, 0, 0, 拾趣：西部武桩, 1, 168311, 109389, 西部武桩,
12150, 0, 2, 144, 10117313, 0, 0, 0, 拾趣：草滩牛骨, 1, 263471, 254210, 草滩牛骨,
12151, 0, 2, 144, 10117314, 0, 0, 0, 拾趣：滩涂鸟巢, 1, 274895, 261819, 滩涂鸟巢,
12152, 0, 2, 144, 10117315, 0, 0, 0, 拾趣：落木古籍, 1, 287722, 280266, 落木古籍,
12153, 0, 2, 144, 10117316, 0, 0, 0, 拾趣：石岸古佛, 1, 281666, 281076, 石岸古佛,
12154, 0, 2, 144, 10117317, 0, 0, 0, 拾趣：山门佳酿, 1, 240339, 109747, 山门佳酿,
12155, 0, 2, 144, 10117318, 0, 0, 0, 拾趣：庭院石雀, 1, 246722, 79456, 庭院石雀,
12156, 0, 2, 144, 10117319, 0, 0, 0, 拾趣：剑绝秘典, 1, 245040, 62840, 剑绝秘典,
12157, 0, 2, 144, 10117320, 0, 0, 0, 拾趣：范府之剑, 1, 242681, 64044, 范府之剑,
12158, 0, 2, 144, 10117321, 0, 0, 0, 拾趣：悬桥秘匣, 1, 117976, 250799, 悬桥秘匣,
12159, 0, 2, 144, 10117322, 0, 0, 0, 拾趣：玄刀演武, 1, 128281, 254477, 玄刀演武,
12160, 0, 2, 144, 10117323, 0, 0, 0, 拾趣：转经礼佛, 1, 134649, 266346, 转经礼佛,
12161, 0, 2, 144, 10117324, 0, 0, 0, 拾趣：苍雪鹰巢, 1, 130829, 284349, 苍雪鹰巢,
12200, 0, 0, 52, 10013, 1, 0, 0, 大雨；小雨, 0, 0, 0, ,
12201, 0, 0, 52, 10013, 2, 0, 0, 雷雨；雷暴, 0, 0, 0, ,
12202, 0, 0, 52, 10013, 3, 0, 0, 阴天；多云；潮气；雾霾；大雾, 0, 0, 0, ,
12203, 0, 0, 52, 10013, 4, 0, 0, 晴天；烈日, 0, 0, 0, ,
12204, 0, 0, 52, 10013, 5, 0, 0, 大风；沙暴；台风, 0, 0, 0, ,
12205, 0, 0, 52, 10013, 6, 0, 0, 小雪；大雪, 0, 0, 0, ,
12206, 0, 0, 52, 10013, 7, 0, 0, 火山；花海, 0, 0, 0, ,
12207, 0, 2, 118, 401, 0, 0, 0, 画卷：平阳驿站, 1, 0, 0, ,
12208, 0, 2, 118, 402, 0, 0, 0, 画卷：藏月客栈, 1, 0, 0, ,
12209, 0, 2, 118, 403, 0, 0, 0, 画卷：古陶镇, 1, 0, 0, ,
12210, 0, 2, 118, 404, 0, 0, 0, 画卷：骅阳林, 1, 0, 0, ,
12211, 0, 2, 118, 406, 0, 0, 0, 画卷：天龙古刹, 1, 0, 0, ,
12212, 0, 2, 118, 407, 0, 0, 0, 画卷：剑绝轩, 1, 0, 0, ,
12213, 0, 2, 118, 408, 0, 0, 0, 画卷：玄刀断剑, 1, 0, 0, ,
12214, 0, 2, 118, 405, 0, 0, 0, 画卷：红草滩, 1, 0, 0, ,
12215, 0, 0, 50, 10013, 7, 0, 0, 烈日, 0, 0, 0, ,
12300, 0, 2, 19, 10012, 80106, 2, 1, 发现：保康城门, 1, 263646, 185790, 保康城门,
12301, 0, 2, 19, 10012, 80103, 2, 1, 发现：汴梁城门, 1, 189210, 126524, 汴梁城门,
12302, 0, 2, 19, 10012, 80104, 2, 1, 发现：景龙城门, 1, 252426, 64685, 景龙城门,
12303, 0, 2, 19, 10012, 80105, 2, 1, 发现：陈州城门, 1, 321595, 145433, 陈州城门,
12304, 0, 2, 19, 10012, 80109, 2, 1, 发现：护城西桥, 1, 163619, 126450, 护城西桥,
12305, 0, 2, 19, 10012, 80107, 2, 1, 发现：护城北桥, 1, 263649, 210839, 护城北桥,
12306, 0, 2, 19, 10012, 80108, 2, 1, 发现：护城南桥, 1, 252198, 37486, 护城南桥,
12307, 0, 2, 19, 10012, 80110, 2, 1, 发现：城北水关, 1, 236003, 182740, 城北水关,
12308, 0, 2, 19, 10012, 80092, 2, 1, 发现：城西水关, 1, 193311, 84977, 城西水关,
12309, 0, 2, 19, 10012, 80086, 2, 1, 发现：紫禁之巅, 1, 274527, 126419, 紫禁之巅,
12310, 0, 2, 19, 10012, 80113, 2, 1, 发现：擂台铜锣, 1, 295207, 162155, 擂台铜锣,
12311, 0, 2, 19, 10012, 80111, 2, 1, 发现：明德书院, 1, 269779, 74443, 明德书院,
12312, 0, 2, 19, 10012, 80112, 2, 1, 发现：镇远镖局, 1, 222813, 162315, 镇远镖局,
12313, 0, 2, 19, 10012, 80114, 2, 1, 发现：北部山道, 1, 164868, 44411, 北部山道,
12314, 0, 2, 19, 10012, 80088, 2, 1, 发现：南部山道, 1, 173238, 23796, 南部山道,
12315, 0, 2, 19, 10012, 80089, 2, 1, 发现：正殿之顶, 1, 179960, 31313, 正殿之顶,
12316, 0, 2, 19, 10012, 80115, 2, 1, 发现：山寨之旗, 1, 159265, 25397, 山寨之旗,
12317, 0, 2, 19, 10012, 80116, 2, 1, 发现：前院龙池, 1, 291728, 82782, 前院龙池,
12318, 0, 2, 19, 10012, 80117, 2, 1, 发现：正殿礼佛, 1, 310761, 82791, 正殿礼佛,
12319, 0, 2, 19, 10012, 80118, 2, 1, 发现：北院寺钟, 1, 305894, 96552, 北院寺钟,
12320, 0, 2, 19, 10012, 80119, 2, 1, 发现：南殿之顶, 1, 305105, 65093, 南殿之顶,
12321, 0, 2, 19, 10012, 80120, 2, 1, 发现：渡口客船, 1, 53895, 132482, 渡口客船,
12322, 0, 2, 19, 10012, 80121, 2, 1, 发现：渡口商船, 1, 59142, 134279, 渡口商船,
12323, 0, 2, 19, 10012, 80122, 2, 1, 发现：壶口观瀑, 1, 44761, 162111, 壶口观瀑,
12324, 0, 2, 28, 10112023, 2, 1, 0, 拜访：汴京城守, 1, 189912, 130105, 汴京城守,
12325, 0, 2, 28, 10112025, 2, 1, 0, 拜访：汴京巡检, 1, 206788, 136808, 汴京巡检,
12326, 0, 2, 28, 10112019, 2, 1, 0, 拜访：晨晖婕妤, 1, 312806, 119892, 晨晖婕妤,
12327, 0, 2, 28, 10112238, 2, 1, 0, 拜访：乐坊笑蝶, 1, 269849, 90186, 乐坊笑蝶,
12328, 0, 2, 28, 10112266, 2, 1, 0, 拜访：开封师爷, 1, 220669, 81961, 开封师爷,
12329, 0, 2, 28, 10112004, 2, 1, 0, 拜访：天波统帅, 1, 206619, 172612, 天波统帅,
12330, 0, 2, 28, 10112306, 2, 1, 0, 拜访：塔夫大师, 1, 284792, 72128, 塔夫大师,
12331, 0, 2, 28, 10112282, 2, 1, 0, 拜访：萧妃, 1, 305141, 66942, 萧妃,
12332, 0, 2, 28, 10112108, 2, 1, 0, 拜访：戒色, 1, 324416, 82849, 戒色,
12333, 0, 2, 28, 10112009, 2, 1, 0, 拜访：相国寺僧人, 1, 303497, 104371, 相国寺僧人,
12334, 0, 2, 28, 10112286, 2, 1, 0, 拜访：船夫, 1, 199930, 88366, 船夫,
12335, 0, 2, 28, 10112285, 2, 1, 0, 拜访：纤夫, 1, 57400, 133810, 纤夫,
12336, 0, 2, 28, 10112284, 2, 1, 0, 拜访：码头工, 1, 55702, 131825, 码头工,
12337, 0, 2, 28, 10112230, 2, 1, 0, 拜访：民兵, 1, 58710, 124495, 民兵,
12338, 0, 2, 28, 10112010, 2, 1, 0, 拜访：陆十八, 1, 115308, 172901, 陆十八,
12339, 0, 2, 28, 10112128, 2, 1, 0, 拜访：许掌柜, 1, 154164, 128166, 许掌柜,
12340, 0, 2, 28, 10112131, 2, 1, 0, 拜访：老铁根, 1, 119931, 174564, 老铁根,
12341, 0, 2, 28, 10112122, 2, 1, 0, 拜访：小馄饨, 1, 120760, 173800, 小馄饨,
12342, 0, 2, 144, 10117351, 0, 0, 0, 拾趣：山道藏酒, 1, 164896, 39030, 山道藏酒,
12343, 0, 2, 144, 10117352, 0, 0, 0, 拾趣：演武木桩, 1, 165159, 26298, 演武木桩,
12344, 0, 2, 144, 10117353, 0, 0, 0, 拾趣：山道箭靶, 1, 174888, 15831, 山道箭靶,
12345, 0, 2, 144, 10117354, 0, 0, 0, 拾趣：前院辎重, 1, 171009, 56461, 前院辎重,
12346, 0, 2, 144, 10117355, 0, 0, 0, 拾趣：麦田石碾, 1, 143024, 190562, 麦田石碾,
12347, 0, 2, 144, 10117356, 0, 0, 0, 拾趣：农田草人, 1, 135899, 173750, 农田草人,
12348, 0, 2, 144, 10117357, 0, 0, 0, 拾趣：哨岗藏酒, 1, 118318, 188822, 哨岗藏酒,
12349, 0, 2, 144, 10117358, 0, 0, 0, 拾趣：赌坊弃剑, 1, 120210, 173982, 赌坊弃剑,
12350, 0, 2, 144, 10117359, 0, 0, 0, 拾趣：乱葬牛骨, 1, 362242, 153126, 乱葬牛骨,
12351, 0, 2, 144, 10117360, 0, 0, 0, 拾趣：乱葬石堆, 1, 373910, 157285, 乱葬石堆,
12352, 0, 2, 144, 10117361, 0, 0, 0, 拾趣：乱葬陶罐, 1, 369586, 173563, 乱葬陶罐,
12353, 0, 2, 144, 10117362, 0, 0, 0, 拾趣：乱葬石佛, 1, 371465, 152728, 乱葬石佛,
12400, 0, 0, 52, 10012, 1, 0, 0, 大雨；小雨, 0, 0, 0, ,
12401, 0, 0, 52, 10012, 2, 0, 0, 雷雨；雷暴, 0, 0, 0, ,
12402, 0, 0, 52, 10012, 3, 0, 0, 阴天；多云；潮气；雾霾；大雾, 0, 0, 0, ,
12403, 0, 0, 52, 10012, 4, 0, 0, 晴天；烈日, 0, 0, 0, ,
12404, 0, 0, 52, 10012, 5, 0, 0, 大风；沙暴；台风, 0, 0, 0, ,
12405, 0, 0, 52, 10012, 6, 0, 0, 小雪；大雪, 0, 0, 0, ,
12406, 0, 0, 52, 10012, 7, 0, 0, 火山；花海, 0, 0, 0, ,
12407, 0, 2, 118, 451, 0, 0, 0, 画卷：开封城门, 1, 0, 0, ,
12408, 0, 2, 118, 452, 0, 0, 0, 画卷：护龙河, 1, 0, 0, ,
12409, 0, 2, 118, 457, 0, 0, 0, 画卷：朱仙镇, 1, 0, 0, ,
12410, 0, 2, 118, 455, 0, 0, 0, 画卷：相国寺, 1, 0, 0, ,
12411, 0, 2, 118, 453, 0, 0, 0, 画卷：开封城, 1, 0, 0, ,
12412, 0, 2, 118, 454, 0, 0, 0, 画卷：居士林, 1, 0, 0, ,
12413, 0, 2, 118, 456, 0, 0, 0, 画卷：飞霞渡, 1, 0, 0, ,
12414, 0, 2, 118, 458, 0, 0, 0, 画卷：黄华岭, 1, 0, 0, ,
12415, 0, 0, 50, 10012, 7, 0, 0, 烈日, 0, 0, 0, ,
12416, 0, 0, 50, 10012, 1, 0, 0, 大雨, 0, 0, 0, ,
12500, 0, 2, 19, 10001, 80195, 2, 1, 发现：禅院山门, 1, 295097, 276413, 禅院山门,
12501, 0, 2, 19, 10001, 80109, 2, 1, 发现：佛顶观山, 1, 308436, 263890, 佛顶观山,
12502, 0, 2, 19, 10001, 80196, 2, 1, 发现：古刹吊桥, 1, 285521, 240629, 古刹吊桥,
12503, 0, 2, 19, 10001, 80197, 2, 1, 发现：孤山断桥, 1, 274188, 221663, 孤山断桥,
12504, 0, 2, 19, 10001, 80198, 2, 1, 发现：村口大钟, 1, 188534, 336840, 村口大钟,
12505, 0, 2, 19, 10001, 80199, 2, 1, 发现：古井酿酒, 1, 179766, 350341, 古井酿酒,
12506, 0, 2, 19, 10001, 80140, 2, 1, 发现：后山土地庙, 1, 162390, 350449, 后山土地庙,
12507, 0, 2, 19, 10001, 80200, 2, 1, 发现：后山百草园, 1, 159274, 332906, 后山百草园,
12508, 0, 2, 19, 10001, 80203, 2, 1, 发现：木廊古道, 1, 139497, 252993, 木廊古道,
12509, 0, 2, 19, 10001, 80141, 2, 1, 发现：瀑布石桥, 1, 125489, 262379, 瀑布石桥,
12510, 0, 2, 19, 10001, 80201, 2, 1, 发现：古道口瀑布, 1, 94018, 265077, 古道口瀑布,
12511, 0, 2, 19, 10001, 80202, 2, 1, 发现：石窟之巅, 1, 118599, 254899, 石窟之巅,
12512, 0, 2, 19, 10001, 80215, 2, 1, 发现：斗场吊桥, 1, 275345, 143200, 斗场吊桥,
12513, 0, 2, 19, 10001, 80213, 2, 1, 发现：龙虎堂山瀑, 1, 213583, 133913, 龙虎堂山瀑,
12514, 0, 2, 19, 10001, 80214, 2, 1, 发现：矿场之巅, 1, 212544, 122473, 矿场之巅,
12515, 0, 2, 19, 10001, 80216, 2, 1, 发现：总坛圣火, 1, 217993, 77400, 总坛圣火,
12516, 0, 2, 19, 10001, 80204, 2, 1, 发现：拜访山庄, 1, 106339, 327814, 拜访山庄,
12517, 0, 2, 19, 10001, 80205, 2, 1, 发现：西殿露台, 1, 88504, 335811, 西殿露台,
12518, 0, 2, 19, 10001, 80134, 2, 1, 发现：花园木亭, 1, 117409, 336191, 花园木亭,
12519, 0, 2, 19, 10001, 80206, 2, 1, 发现：正殿大堂, 1, 106376, 361985, 正殿大堂,
12520, 0, 2, 19, 10001, 80207, 2, 1, 发现：谷底废墟, 1, 332056, 61539, 谷底废墟,
12521, 0, 2, 19, 10001, 80209, 2, 1, 发现：乱葬坟堆, 1, 298719, 83434, 乱葬坟堆,
12522, 0, 2, 19, 10001, 80208, 2, 1, 发现：离魂峡滩涂, 1, 309135, 62857, 离魂峡滩涂,
12523, 0, 2, 19, 10001, 80136, 2, 1, 发现：离魂峡石碑, 1, 319476, 62598, 离魂峡石碑,
12528, 0, 2, 28, 10101008, 2, 1, 0, 拜访：徐老爹, 1, 272568, 363441, 徐老爹,
12529, 0, 2, 28, 10101048, 2, 1, 0, 拜访：洛云飞, 1, 280329, 362337, 洛云飞,
12530, 0, 2, 28, 10101005, 2, 1, 0, 拜访：马四, 1, 273185, 356283, 马四,
12531, 0, 2, 28, 10101001, 2, 1, 0, 拜访：客栈老板, 1, 275531, 363168, 客栈老板,
12532, 0, 2, 28, 10108127, 2, 1, 0, 拜访：聋老七, 1, 167425, 304608, 聋老七,
12533, 0, 2, 28, 10108018, 2, 1, 0, 拜访：花姑子, 1, 176606, 303488, 花姑子,
12534, 0, 2, 28, 10108111, 2, 1, 0, 拜访：龙婆, 1, 185353, 309970, 龙婆,
12535, 0, 2, 28, 10108011, 2, 1, 0, 拜访：老叟, 1, 175401, 300319, 老叟,
12536, 0, 2, 28, 20107760, 2, 1, 0, 拜访：肥肥, 1, 231173, 269668, 肥肥,
12537, 0, 2, 28, 20107761, 2, 1, 0, 拜访：小胖子, 1, 225592, 274736, 小胖子,
12538, 0, 2, 28, 20107762, 2, 1, 0, 拜访：呆呆, 1, 223224, 272117, 呆呆,
12539, 0, 2, 144, 10117051, 0, 0, 0, 拾趣：小笼汤包, 1, 272927, 363191, 小笼汤包,
12540, 0, 2, 144, 10117052, 0, 0, 0, 拾趣：马厩稻草, 1, 272718, 355173, 马厩稻草,
12541, 0, 2, 144, 10117053, 0, 0, 0, 拾趣：遗弃之剑, 1, 282876, 363528, 遗弃之剑,
12542, 0, 2, 144, 10117054, 0, 0, 0, 拾趣：河道牛骨, 1, 268558, 358048, 河道牛骨,
12543, 0, 2, 144, 10117055, 0, 0, 0, 拾趣：宝殿斋供, 1, 295044, 259125, 宝殿斋供,
12544, 0, 2, 144, 10117056, 0, 0, 0, 拾趣：宝殿红烛, 1, 292166, 259182, 宝殿红烛,
12545, 0, 2, 144, 10117057, 0, 0, 0, 拾趣：佛掌遗珠, 1, 304645, 260792, 佛掌遗珠,
12546, 0, 2, 144, 10117058, 0, 0, 0, 拾趣：山巅石佛, 1, 313348, 265153, 山巅石佛,
12547, 0, 2, 144, 10117059, 0, 0, 0, 拾趣：得意坊佳酿, 1, 179085, 334786, 得意坊佳酿,
12548, 0, 2, 144, 10117060, 0, 0, 0, 拾趣：得意坊陈酿, 1, 178207, 349155, 得意坊陈酿,
12549, 0, 2, 144, 10117061, 0, 0, 0, 拾趣：得意坊私酿, 1, 182960, 339972, 得意坊私酿,
12550, 0, 2, 144, 10117062, 0, 0, 0, 拾趣：得意坊珍酿, 1, 174330, 340493, 得意坊珍酿,
12551, 0, 2, 144, 10117087, 0, 0, 0, 拾趣：菜地稻草人, 1, 179339, 304625, 菜地稻草人,
12552, 0, 2, 144, 10117088, 0, 0, 0, 拾趣：菜地萝卜, 1, 187833, 295026, 菜地萝卜,
12553, 0, 2, 144, 10117089, 0, 0, 0, 拾趣：河滩鱼篓, 1, 159942, 309011, 河滩鱼篓,
12554, 0, 2, 144, 10117090, 0, 0, 0, 拾趣：库房货物, 1, 182294, 303613, 库房货物,
12555, 0, 2, 144, 10117063, 0, 0, 0, 拾趣：古道雀巢, 1, 115835, 253937, 古道雀巢,
12556, 0, 2, 144, 10117064, 0, 0, 0, 拾趣：古道鹰巢, 1, 123921, 264587, 古道鹰巢,
12557, 0, 2, 144, 10117065, 0, 0, 0, 拾趣：古道石佛, 1, 119862, 254684, 古道石佛,
12558, 0, 2, 144, 10117066, 0, 0, 0, 拾趣：古道陶罐, 1, 117198, 255833, 古道陶罐,
12559, 0, 2, 144, 10117083, 0, 0, 0, 拾趣：西北稻草人, 1, 214202, 309521, 西北稻草人,
12560, 0, 2, 144, 10117084, 0, 0, 0, 拾趣：东北稻草人, 1, 232346, 297125, 东北稻草人,
12561, 0, 2, 144, 10117085, 0, 0, 0, 拾趣：西南稻草人, 1, 212608, 248149, 西南稻草人,
12562, 0, 2, 144, 10117086, 0, 0, 0, 拾趣：东南稻草人, 1, 232446, 253418, 东南稻草人,
12563, 0, 2, 144, 10117067, 0, 0, 0, 拾趣：龙虎堂鹰巢, 1, 209025, 127415, 龙虎堂鹰巢,
12564, 0, 2, 144, 10117068, 0, 0, 0, 拾趣：矿场藏酒, 1, 224767, 103715, 矿场藏酒,
12565, 0, 2, 144, 10117069, 0, 0, 0, 拾趣：天堑罗刹, 1, 211670, 91546, 天堑罗刹,
12566, 0, 2, 144, 10117070, 0, 0, 0, 拾趣：正殿秘匣, 1, 211408, 28907, 正殿秘匣,
12567, 0, 2, 144, 10117071, 0, 0, 0, 拾趣：东侧石孔雀, 1, 119845, 335870, 东侧石孔雀,
12568, 0, 2, 144, 10117072, 0, 0, 0, 拾趣：西侧石孔雀, 1, 113960, 339116, 西侧石孔雀,
12569, 0, 2, 144, 10117073, 0, 0, 0, 拾趣：南侧石孔雀, 1, 115830, 331363, 南侧石孔雀,
12570, 0, 2, 144, 10117074, 0, 0, 0, 拾趣：北侧石孔雀, 1, 117857, 346316, 北侧石孔雀,
12571, 0, 2, 144, 10117075, 0, 0, 0, 拾趣：坟前斋供, 1, 289232, 74060, 坟前斋供,
12572, 0, 2, 144, 10117076, 0, 0, 0, 拾趣：坟前白烛, 1, 298778, 84636, 坟前白烛,
12573, 0, 2, 144, 10117077, 0, 0, 0, 拾趣：坟前清香, 1, 281221, 92660, 坟前清香,
12574, 0, 2, 144, 10117078, 0, 0, 0, 拾趣：废屋旧物, 1, 293787, 95853, 废屋旧物,
12575, 0, 2, 144, 10117079, 0, 0, 0, 拾趣：禁地牛骨, 1, 323538, 97475, 禁地牛骨,
12576, 0, 2, 144, 10117080, 0, 0, 0, 拾趣：禁地石佛, 1, 327427, 112811, 禁地石佛,
12577, 0, 2, 144, 10117081, 0, 0, 0, 拾趣：禁地铜鼎, 1, 337029, 101620, 禁地铜鼎,
12578, 0, 2, 144, 10117082, 0, 0, 0, 拾趣：祭坛鹰巢, 1, 330411, 92381, 祭坛鹰巢,
12600, 0, 0, 52, 10001, 1, 0, 0, 大雨；小雨, 0, 0, 0, ,
12601, 0, 0, 52, 10001, 2, 0, 0, 雷雨；雷暴, 0, 0, 0, ,
12602, 0, 0, 52, 10001, 3, 0, 0, 阴天；多云；潮气；雾霾；大雾, 0, 0, 0, ,
12603, 0, 0, 52, 10001, 4, 0, 0, 晴天；烈日, 0, 0, 0, ,
12604, 0, 0, 52, 10001, 5, 0, 0, 大风；沙暴；台风, 0, 0, 0, ,
12605, 0, 0, 52, 10001, 6, 0, 0, 小雪；大雪, 0, 0, 0, ,
12606, 0, 0, 52, 10001, 7, 0, 0, 火山；花海, 0, 0, 0, ,
12607, 0, 2, 118, 501, 0, 0, 0, 画卷：藏锋谷, 1, 0, 0, ,
12608, 0, 2, 118, 506, 0, 0, 0, 画卷：燕来镇, 1, 0, 0, ,
12609, 0, 2, 118, 505, 0, 0, 0, 画卷：送君廊, 1, 0, 0, ,
12610, 0, 2, 118, 509, 0, 0, 0, 画卷：离魂峡, 1, 0, 0, ,
12611, 0, 2, 118, 502, 0, 0, 0, 画卷：化清古佛, 1, 0, 0, ,
12612, 0, 2, 118, 503, 0, 0, 0, 画卷：得意坊, 1, 0, 0, ,
12613, 0, 2, 118, 508, 0, 0, 0, 画卷：孔雀山庄, 1, 0, 0, ,
12614, 0, 2, 118, 504, 0, 0, 0, 画卷：芳华谷, 1, 0, 0, ,
12615, 0, 2, 118, 507, 0, 0, 0, 画卷：血衣楼, 1, 0, 0, ,
12616, 0, 2, 118, 510, 0, 0, 0, 画卷：血衣禁地, 1, 0, 0, ,
12617, 0, 0, 50, 10001, 7, 0, 0, 烈日, 0, 0, 0, ,
12701, 0, 0, 5, 40103101, 0, 0, 0, 画卷：杭州城, 0, 0, 0, ,
12702, 0, 0, 5, 40103102, 0, 0, 0, 画卷：一醉轩, 0, 0, 0, ,
12703, 0, 0, 5, 40103103, 0, 0, 0, 画卷：三潭印月, 0, 0, 0, ,
12704, 0, 0, 5, 40103104, 0, 0, 0, 画卷：问道台, 0, 0, 0, ,
12705, 0, 0, 5, 40103105, 0, 0, 0, 画卷：天绝禅院, 0, 0, 0, ,
12706, 0, 0, 5, 40103106, 0, 0, 0, 画卷：龙井茶园, 0, 0, 0, ,
12707, 0, 0, 5, 40103107, 0, 0, 0, 画卷：四明书院, 0, 0, 0, ,
12708, 0, 0, 5, 40103108, 0, 0, 0, 画卷：连环坞, 0, 0, 0, ,
12709, 0, 0, 5, 40103109, 0, 0, 0, 画卷：长风林, 0, 0, 0, ,
12710, 0, 0, 5, 40103110, 0, 0, 0, 画卷：天泉日出, 0, 0, 0, ,
12711, 0, 0, 5, 40103111, 0, 0, 0, 画卷：飞雪滩, 0, 0, 0, ,
12712, 0, 0, 5, 40103112, 0, 0, 0, 画卷：霹雳堂旧址, 0, 0, 0, ,
12713, 0, 0, 5, 40103113, 0, 0, 0, 画卷：铸神谷, 0, 0, 0, ,
12714, 0, 0, 5, 40103114, 0, 0, 0, 画卷：枫桥夜泊, 0, 0, 0, ,
12715, 0, 0, 5, 40103115, 0, 0, 0, 画卷：云泥梯田, 0, 0, 0, ,
12716, 0, 0, 5, 40103116, 0, 0, 0, 画卷：桃源道观, 0, 0, 0, ,
12717, 0, 0, 5, 40103117, 0, 0, 0, 画卷：宁海镇, 0, 0, 0, ,
12718, 0, 0, 5, 40103118, 0, 0, 0, 画卷：长乐滩, 0, 0, 0, ,
12719, 0, 0, 5, 40103119, 0, 0, 0, 画卷：桑楚山庄, 0, 0, 0, ,
12720, 0, 0, 5, 40103120, 0, 0, 0, 画卷：清永民居, 0, 0, 0, ,
12721, 0, 0, 5, 40103121, 0, 0, 0, 画卷：天香谷, 0, 0, 0, ,
12722, 0, 0, 5, 40103122, 0, 0, 0, 画卷：万象门, 0, 0, 0, ,
12723, 0, 0, 5, 40103123, 0, 0, 0, 画卷：乌金汊, 0, 0, 0, ,
12724, 0, 0, 5, 40103124, 0, 0, 0, 画卷：野鹤湫, 0, 0, 0, ,
12725, 0, 0, 5, 40103125, 0, 0, 0, 画卷：闽越旧城, 0, 0, 0, ,
12726, 0, 0, 5, 40103126, 0, 0, 0, 画卷：淬剑清谷, 0, 0, 0, ,
12727, 0, 0, 5, 40103127, 0, 0, 0, 画卷：风雨钱塘, 0, 0, 0, ,
12728, 0, 0, 5, 40103128, 0, 0, 0, 画卷：吴王陵, 0, 0, 0, ,
12729, 0, 0, 5, 40103129, 0, 0, 0, 画卷：百里荡, 0, 0, 0, ,
12730, 0, 0, 5, 40103130, 0, 0, 0, 画卷：东平郡王府, 0, 0, 0, ,
12731, 0, 0, 5, 40103131, 0, 0, 0, 画卷：雷峰夕照, 0, 0, 0, ,
12732, 0, 0, 5, 40103132, 0, 0, 0, 画卷：藏锋谷, 0, 0, 0, ,
12733, 0, 0, 5, 40103133, 0, 0, 0, 画卷：燕来镇, 0, 0, 0, ,
12734, 0, 0, 5, 40103134, 0, 0, 0, 画卷：送君廊, 0, 0, 0, ,
12735, 0, 0, 5, 40103135, 0, 0, 0, 画卷：离魂峡, 0, 0, 0, ,
12736, 0, 0, 5, 40103136, 0, 0, 0, 画卷：化清古佛, 0, 0, 0, ,
12737, 0, 0, 5, 40103137, 0, 0, 0, 画卷：得意坊, 0, 0, 0, ,
12738, 0, 0, 5, 40103138, 0, 0, 0, 画卷：孔雀山庄, 0, 0, 0, ,
12739, 0, 0, 5, 40103139, 0, 0, 0, 画卷：芳华谷, 0, 0, 0, ,
12740, 0, 0, 5, 40103140, 0, 0, 0, 画卷：血衣楼, 0, 0, 0, ,
12741, 0, 0, 5, 40103141, 0, 0, 0, 画卷：血衣禁地, 0, 0, 0, ,
12742, 0, 0, 5, 40103142, 0, 0, 0, 画卷：平阳驿站, 0, 0, 0, ,
12743, 0, 0, 5, 40103143, 0, 0, 0, 画卷：藏月客栈, 0, 0, 0, ,
12744, 0, 0, 5, 40103144, 0, 0, 0, 画卷：古陶镇, 0, 0, 0, ,
12745, 0, 0, 5, 40103145, 0, 0, 0, 画卷：骅阳林, 0, 0, 0, ,
12746, 0, 0, 5, 40103146, 0, 0, 0, 画卷：天龙古刹, 0, 0, 0, ,
12747, 0, 0, 5, 40103147, 0, 0, 0, 画卷：剑绝轩, 0, 0, 0, ,
12748, 0, 0, 5, 40103148, 0, 0, 0, 画卷：玄刀断剑, 0, 0, 0, ,
12749, 0, 0, 5, 40103149, 0, 0, 0, 画卷：望断斜阳, 0, 0, 0, ,
12750, 0, 0, 5, 40103150, 0, 0, 0, 画卷：开封城门, 0, 0, 0, ,
12751, 0, 0, 5, 40103151, 0, 0, 0, 画卷：护龙河, 0, 0, 0, ,
12752, 0, 0, 5, 40103152, 0, 0, 0, 画卷：朱仙镇, 0, 0, 0, ,
12753, 0, 0, 5, 40103153, 0, 0, 0, 画卷：相国寺, 0, 0, 0, ,
12754, 0, 0, 5, 40103154, 0, 0, 0, 画卷：开封城, 0, 0, 0, ,
12755, 0, 0, 5, 40103155, 0, 0, 0, 画卷：居士林, 0, 0, 0, ,
12756, 0, 0, 5, 40103156, 0, 0, 0, 画卷：飞霞渡, 0, 0, 0, ,
12757, 0, 0, 5, 40103157, 0, 0, 0, 画卷：百鬼夜哭, 0, 0, 0, ,
12758, 0, 0, 5, 40103158, 0, 0, 0, 画卷：论剑锋, 0, 0, 0, ,
12759, 0, 0, 5, 40103159, 0, 0, 0, 画卷：药王谷, 0, 0, 0, ,
12760, 0, 0, 5, 40103160, 0, 0, 0, 画卷：论剑坪, 0, 0, 0, ,
12761, 0, 0, 5, 40103161, 0, 0, 0, 画卷：鹦哥镇, 0, 0, 0, ,
12762, 0, 0, 5, 40103162, 0, 0, 0, 画卷：太白山门, 0, 0, 0, ,
12763, 0, 0, 5, 40103163, 0, 0, 0, 画卷：玉泉院, 0, 0, 0, ,
12764, 0, 0, 5, 40103164, 0, 0, 0, 画卷：秦川云海, 0, 0, 0, ,
12765, 0, 0, 5, 40103165, 0, 0, 0, 画卷：万剑沉浮, 0, 0, 0, ,
12766, 0, 0, 5, 40103166, 0, 0, 0, 画卷：瀚海戈壁, 0, 0, 0, ,
12767, 0, 0, 5, 40103167, 0, 0, 0, 画卷：神木谷, 0, 0, 0, ,
12768, 0, 0, 5, 40103168, 0, 0, 0, 画卷：苍梧城, 0, 0, 0, ,
12769, 0, 0, 5, 40103169, 0, 0, 0, 画卷：风飞谷, 0, 0, 0, ,
12770, 0, 0, 5, 40103170, 0, 0, 0, 画卷：月下饮马, 0, 0, 0, ,
12771, 0, 0, 5, 40103171, 0, 0, 0, 画卷：策马坡, 0, 0, 0, ,
12772, 0, 0, 5, 40103172, 0, 0, 0, 画卷：绝尘马场, 0, 0, 0, ,
12773, 0, 0, 5, 40103173, 0, 0, 0, 画卷：燕云神威, 0, 0, 0, ,
12774, 0, 0, 5, 40103174, 0, 0, 0, 画卷：怪石黑风, 0, 0, 0, ,
12775, 0, 0, 5, 40103175, 0, 0, 0, 画卷：云来镇, 0, 0, 0, ,
12776, 0, 0, 5, 40103177, 0, 0, 0, 画卷：凌云壁, 0, 0, 0, ,
12777, 0, 0, 5, 40103179, 0, 0, 0, 画卷：御风堂, 0, 0, 0, ,
12778, 0, 0, 5, 40103181, 0, 0, 0, 画卷：翠海, 0, 0, 0, ,
12779, 0, 0, 5, 40103176, 0, 0, 0, 画卷：逢捷镇, 0, 0, 0, ,
12780, 0, 0, 5, 40103178, 0, 0, 0, 画卷：醉月居, 0, 0, 0, ,
12781, 0, 0, 5, 40103180, 0, 0, 0, 画卷：万青竹海, 0, 0, 0, ,
12782, 0, 0, 5, 40103182, 0, 0, 0, 画卷：忘忧谷, 0, 0, 0, ,
12901, 0, 2, 144, 10117401, 0, 0, 0, 拾趣：醉月岩花, 1, 350241, 174790, 醉月岩花,
12902, 0, 2, 144, 10117402, 0, 0, 0, 拾趣：醉月秘匣, 1, 373709, 188931, 醉月秘匣,
12903, 0, 2, 144, 10117403, 0, 0, 0, 拾趣：石崖遗玉, 1, 371261, 144311, 石崖遗玉,
12904, 0, 2, 144, 10117404, 0, 0, 0, 拾趣：木廊听琴, 1, 369672, 164973, 木廊听琴,
12905, 0, 2, 144, 10117405, 0, 0, 0, 拾趣：阁顶夜服, 1, 352446, 154591, 阁顶夜服,
12906, 0, 2, 144, 10117406, 0, 0, 0, 拾趣：廊亭暗弩, 1, 349474, 155150, 廊亭暗弩,
12907, 0, 2, 144, 10117407, 0, 0, 0, 拾趣：暗阁锦鲤, 1, 364935, 156346, 暗阁锦鲤,
12908, 0, 2, 144, 10117408, 0, 0, 0, 拾趣：月池锦鲤, 1, 362594, 182970, 月池锦鲤,
12909, 0, 2, 144, 10117409, 0, 0, 0, 拾趣：木府念珠, 1, 258116, 213657, 木府念珠,
12910, 0, 2, 144, 10117410, 0, 0, 0, 拾趣：市集稻米, 1, 284531, 221519, 市集稻米,
12911, 0, 2, 144, 10117411, 0, 0, 0, 拾趣：逢捷佳酿, 1, 289522, 213754, 逢捷佳酿,
12912, 0, 2, 144, 10117412, 0, 0, 0, 拾趣：船头鱼篓, 1, 289648, 232094, 船头鱼篓,
12913, 0, 2, 144, 10117413, 0, 0, 0, 拾趣：凌云古佛, 1, 208351, 182865, 凌云古佛,
12914, 0, 2, 144, 10117414, 0, 0, 0, 拾趣：凌云岩草, 1, 216609, 157564, 凌云岩草,
12915, 0, 2, 144, 10117415, 0, 0, 0, 拾趣：凌云鹰巢, 1, 201910, 177064, 凌云鹰巢,
12916, 0, 2, 144, 10117416, 0, 0, 0, 拾趣：凌云古籍, 1, 210639, 168317, 凌云古籍,
12917, 0, 2, 144, 10117417, 0, 0, 0, 拾趣：龙岭岩花, 1, 196138, 220168, 龙岭岩花,
12918, 0, 2, 144, 10117418, 0, 0, 0, 拾趣：龙岭兽夹, 1, 204619, 206701, 龙岭兽夹,
12919, 0, 2, 144, 10117419, 0, 0, 0, 拾趣：龙岭兽骨, 1, 198155, 246812, 龙岭兽骨,
12920, 0, 2, 144, 10117420, 0, 0, 0, 拾趣：龙岭鱼篓, 1, 192191, 256248, 龙岭鱼篓,
12921, 0, 2, 144, 10117421, 0, 0, 0, 拾趣：风啸兽夹, 1, 213488, 308902, 风啸兽夹,
12922, 0, 2, 144, 10117422, 0, 0, 0, 拾趣：风啸棋局, 1, 140284, 352027, 风啸棋局,
12923, 0, 2, 144, 10117423, 0, 0, 0, 拾趣：听雨密宝, 1, 238181, 392139, 听雨密宝,
12924, 0, 2, 144, 10117424, 0, 0, 0, 拾趣：听雨古卷, 1, 238286, 391965, 听雨古卷,
12925, 0, 2, 144, 10117425, 0, 0, 0, 拾趣：云来红萝, 1, 194801, 333895, 云来红萝,
12926, 0, 2, 144, 10117426, 0, 0, 0, 拾趣：云来木鼓, 1, 233909, 317468, 云来木鼓,
12927, 0, 2, 144, 10117427, 0, 0, 0, 拾趣：云来问茶, 1, 218048, 321526, 云来问茶,
12928, 0, 2, 144, 10117428, 0, 0, 0, 拾趣：云来锦鲤, 1, 228131, 318066, 云来锦鲤,
12929, 0, 2, 144, 10117429, 0, 0, 0, 拾趣：铁甲密卷, 1, 122970, 139140, 铁甲密卷,
12930, 0, 2, 144, 10117430, 0, 0, 0, 拾趣：御风鹰巢, 1, 125997, 162355, 御风鹰巢,
12931, 0, 2, 144, 10117431, 0, 0, 0, 拾趣：御风锦鲤, 1, 102771, 125536, 御风锦鲤,
12932, 0, 2, 144, 10117432, 0, 0, 0, 拾趣：烟霞木琴, 1, 179155, 132080, 烟霞木琴,
12933, 0, 2, 144, 10117433, 0, 0, 0, 拾趣：铁索血迹, 1, 174190, 94163, 铁索血迹,
12934, 0, 2, 144, 10117434, 0, 0, 0, 拾趣：山涧听琴, 1, 119431, 56955, 山涧听琴,
12935, 0, 2, 144, 10117435, 0, 0, 0, 拾趣：燃灯彩石, 1, 170099, 54728, 燃灯彩石,
12936, 0, 2, 144, 10117436, 0, 0, 0, 拾趣：船头包袱, 1, 184311, 74582, 船头包袱,
12937, 0, 2, 144, 10117437, 0, 0, 0, 拾趣：翠海兽骨, 1, 131907, 68038, 翠海兽骨,
12938, 0, 2, 144, 10117438, 0, 0, 0, 拾趣：翠海锦鲤, 1, 131754, 53464, 翠海锦鲤,
12939, 0, 2, 144, 10117439, 0, 0, 0, 拾趣：翠海对弈, 1, 144394, 50645, 翠海对弈,
12940, 0, 2, 144, 10117440, 0, 0, 0, 拾趣：翠海弩机, 1, 174362, 44817, 翠海弩机,
12941, 0, 2, 144, 10117441, 0, 0, 0, 拾趣：忧谷木弩, 1, 103215, 39517, 忧谷木弩,
12942, 0, 2, 144, 10117442, 0, 0, 0, 拾趣：忧谷石碑, 1, 74623, 43539, 忧谷石碑,
12943, 0, 2, 144, 10117443, 0, 0, 0, 拾趣：忧谷竹笋, 1, 104051, 58481, 忧谷竹笋,
12944, 0, 2, 144, 10117444, 0, 0, 0, 拾趣：忧谷锦鲤, 1, 93513, 34781, 忧谷锦鲤,
12945, 0, 2, 144, 10117445, 0, 0, 0, 拾趣：禁地夜服, 1, 35294, 30817, 禁地夜服,
12946, 0, 2, 144, 10117446, 0, 0, 0, 拾趣：禁地锦鲤, 1, 31511, 23182, 禁地锦鲤,
12947, 0, 2, 144, 10117447, 0, 0, 0, 拾趣：碎星棋局, 1, 26264, 14807, 碎星棋局,
12948, 0, 2, 144, 10117448, 0, 0, 0, 拾趣：谷涧听琴, 1, 41908, 74415, 谷涧听琴,
12949, 0, 2, 144, 10117449, 0, 0, 0, 拾趣：暗格机括, 1, 49996, 69379, 暗格机括,
12950, 0, 2, 144, 10117450, 0, 0, 0, 拾趣：竹林兽夹, 1, 67462, 119535, 竹林兽夹,
12951, 0, 2, 144, 10117451, 0, 0, 0, 拾趣：万青竹笋, 1, 61654, 135980, 万青竹笋,
12952, 0, 2, 144, 10117452, 0, 0, 0, 拾趣：万青鹰巢, 1, 23543, 122902, 万青鹰巢,
12953, 0, 2, 28, 10116186, 2, 1, 0, 拜访：鑫百当, 1, 281200, 211100, 鑫百当,
12954, 0, 2, 28, 10116181, 2, 1, 0, 拜访：金邵欢, 1, 292722, 216984, 金邵欢,
12955, 0, 2, 28, 10116215, 2, 1, 0, 拜访：高伯, 1, 275394, 228030, 高伯,
12956, 0, 2, 28, 10116229, 2, 1, 0, 拜访：渺空, 1, 270433, 200842, 渺空,
12957, 0, 2, 28, 10116002, 2, 1, 0, 拜访：王郅君, 1, 122929, 152257, 王郅君,
12958, 0, 2, 28, 10116004, 2, 1, 0, 拜访：唐巧, 1, 113988, 115213, 唐巧,
12959, 0, 2, 28, 10116019, 2, 1, 0, 拜访：唐青虹, 1, 119383, 140864, 唐青虹,
12960, 0, 2, 28, 10116001, 2, 1, 0, 拜访：唐慧, 1, 125140, 109159, 唐慧,
12961, 0, 0, 52, 10005, 1, 0, 0, 大雨；小雨, 0, 0, 0, ,
12962, 0, 0, 52, 10005, 2, 0, 0, 雷雨；雷暴, 0, 0, 0, ,
12963, 0, 0, 52, 10005, 3, 0, 0, 阴天；多云；潮气；雾霾；大雾, 0, 0, 0, ,
12964, 0, 0, 52, 10005, 4, 0, 0, 晴天；烈日, 0, 0, 0, ,
12965, 0, 0, 52, 10005, 5, 0, 0, 大风；沙暴；台风, 0, 0, 0, ,
12966, 0, 0, 52, 10005, 6, 0, 0, 小雪；大雪, 0, 0, 0, ,
12967, 0, 0, 52, 10005, 7, 0, 0, 火山；花海, 0, 0, 0, ,
12968, 0, 0, 50, 10005, 7, 0, 0, 烈日, 0, 0, 0, ,
12969, 0, 0, 50, 10005, 1, 0, 0, 大雨, 0, 0, 0, ,
12970, 0, 2, 118, 601, 0, 0, 0, 画卷：云来镇, 1, 0, 0, ,
12971, 0, 2, 118, 602, 0, 0, 0, 画卷：逢捷镇, 1, 0, 0, ,
12972, 0, 2, 118, 603, 0, 0, 0, 画卷：凌云壁, 1, 0, 0, ,
12973, 0, 2, 118, 604, 0, 0, 0, 画卷：醉月居, 1, 0, 0, ,
12974, 0, 2, 118, 605, 0, 0, 0, 画卷：御风堂, 1, 0, 0, ,
12975, 0, 2, 118, 606, 0, 0, 0, 画卷：万青竹海, 1, 0, 0, ,
12976, 0, 2, 118, 607, 0, 0, 0, 画卷：翠海, 1, 0, 0, ,
12977, 0, 2, 118, 608, 0, 0, 0, 画卷：忘忧谷, 1, 0, 0, ,
12978, 0, 2, 246, 0, 0, 0, 0, 个人海岛繁荣度, 0, 0, 0, ,
13100, 0, 0, 245, 199236, 0, 0, 0, 龙卷风, 0, 0, 0, ,
13101, 0, 0, 245, 199237, 0, 0, 0, 漩涡, 0, 0, 0, ,
