sbLevelId,zhiliaoId,level,v4,v5,v6,v7,v8,suiyin,useItemList,useCountList,skillLogicalId,v13,v14,des,
10101, 101, 1, 0, 0, 0, 0, 0, 50000, 1080101$$ 1082001, 1$$ 10, 77010101, 0, 0, 力道+3    洞察+2, 
10102, 101, 2, 0, 0, 0, 0, 0, 100000, 1080101$$ 1082001, 2$$ 10, 77010102, 0, 0, 力道+3    洞察+2, 
10103, 101, 3, 0, 0, 0, 0, 0, 150000, 1080101$$ 1082001, 2$$ 20, 77010103, 0, 0, 力道+3    洞察+2, 
10104, 101, 4, 0, 0, 0, 0, 0, 200000, 1080101$$ 1082001, 3$$ 30, 77010104, 0, 0, 力道+3    洞察+2<br>外功攻击+8    , 
10105, 101, 5, 0, 0, 0, 0, 0, 250000, 1080101$$ 1082001, 3$$ 40, 77010105, 0, 0, 力道+3    洞察+2, 
10106, 101, 6, 0, 0, 0, 0, 0, 300000, 1080101$$ 1082001, 4$$ 50, 77010106, 0, 0, 力道+3    洞察+2, 
10107, 101, 7, 0, 0, 0, 0, 0, 350000, 1080101$$ 1082001, 4$$ 60, 77010107, 0, 0, 力道+3    洞察+2, 
10108, 101, 8, 0, 0, 0, 0, 0, 400000, 1080101$$ 1082001, 5$$ 70, 77010108, 0, 0, 力道+3    洞察+2<br>外功攻击+8    , 
10109, 101, 9, 0, 0, 0, 0, 0, 450000, 1080101$$ 1082001, 5$$ 90, 77010109, 0, 0, 力道+3    洞察+2, 
10110, 101, 10, 0, 0, 0, 0, 0, 500000, 1080101$$ 1082001, 6$$ 100, 77010110, 0, 0, 力道+3    洞察+2, 
10111, 101, 11, 0, 0, 0, 0, 0, 550000, 1080101$$ 1082001, 6$$ 120, 77010111, 0, 0, 力道+3    洞察+2, 
10112, 101, 12, 0, 0, 0, 0, 0, 600000, 1080101$$ 1082001, 7$$ 140, 77010112, 0, 0, 力道+3    洞察+2<br>外功攻击+8    , 
10113, 101, 13, 0, 0, 0, 0, 0, 650000, 1080101$$ 1082001, 7$$ 160, 77010113, 0, 0, 力道+3    洞察+2, 
10114, 101, 14, 0, 0, 0, 0, 0, 700000, 1080101$$ 1082001, 8$$ 180, 77010114, 0, 0, 力道+3    洞察+2, 
10115, 101, 15, 0, 0, 0, 0, 0, 750000, 1080101$$ 1082001, 8$$ 200, 77010115, 0, 0, 力道+3    洞察+2, 
10116, 101, 16, 0, 0, 0, 0, 0, 800000, 1080101$$ 1082001, 9$$ 250, 77010116, 0, 0, 力道+3    洞察+2<br>外功攻击+8    , 
10201, 102, 1, 0, 0, 0, 0, 0, 50000, 1080102$$ 1082001, 1$$ 10, 77010201, 0, 0, 力道+4    根骨+1, 
10202, 102, 2, 0, 0, 0, 0, 0, 100000, 1080102$$ 1082001, 2$$ 10, 77010202, 0, 0, 力道+4    根骨+1, 
10203, 102, 3, 0, 0, 0, 0, 0, 150000, 1080102$$ 1082001, 2$$ 20, 77010203, 0, 0, 力道+4    根骨+1, 
10204, 102, 4, 0, 0, 0, 0, 0, 200000, 1080102$$ 1082001, 3$$ 30, 77010204, 0, 0, 力道+4    根骨+1<br>外功防御+16    , 
10205, 102, 5, 0, 0, 0, 0, 0, 250000, 1080102$$ 1082001, 3$$ 40, 77010205, 0, 0, 力道+4    根骨+1, 
10206, 102, 6, 0, 0, 0, 0, 0, 300000, 1080102$$ 1082001, 4$$ 50, 77010206, 0, 0, 力道+4    根骨+1, 
10207, 102, 7, 0, 0, 0, 0, 0, 350000, 1080102$$ 1082001, 4$$ 60, 77010207, 0, 0, 力道+4    根骨+1, 
10208, 102, 8, 0, 0, 0, 0, 0, 400000, 1080102$$ 1082001, 5$$ 70, 77010208, 0, 0, 力道+4    根骨+1<br>外功防御+16    , 
10209, 102, 9, 0, 0, 0, 0, 0, 450000, 1080102$$ 1082001, 5$$ 90, 77010209, 0, 0, 力道+4    根骨+1, 
10210, 102, 10, 0, 0, 0, 0, 0, 500000, 1080102$$ 1082001, 6$$ 100, 77010210, 0, 0, 力道+4    根骨+1, 
10211, 102, 11, 0, 0, 0, 0, 0, 550000, 1080102$$ 1082001, 6$$ 120, 77010211, 0, 0, 力道+4    根骨+1, 
10212, 102, 12, 0, 0, 0, 0, 0, 600000, 1080102$$ 1082001, 7$$ 140, 77010212, 0, 0, 力道+4    根骨+1<br>外功防御+16    , 
10213, 102, 13, 0, 0, 0, 0, 0, 650000, 1080102$$ 1082001, 7$$ 160, 77010213, 0, 0, 力道+4    根骨+1, 
10214, 102, 14, 0, 0, 0, 0, 0, 700000, 1080102$$ 1082001, 8$$ 180, 77010214, 0, 0, 力道+4    根骨+1, 
10215, 102, 15, 0, 0, 0, 0, 0, 750000, 1080102$$ 1082001, 8$$ 200, 77010215, 0, 0, 力道+4    根骨+1, 
10216, 102, 16, 0, 0, 0, 0, 0, 800000, 1080102$$ 1082001, 9$$ 250, 77010216, 0, 0, 力道+4    根骨+1<br>外功防御+16    , 
10301, 103, 1, 0, 0, 0, 0, 0, 50000, 1080103$$ 1082001, 1$$ 10, 77010301, 0, 0, 力道+5    , 
10302, 103, 2, 0, 0, 0, 0, 0, 100000, 1080103$$ 1082001, 2$$ 10, 77010302, 0, 0, 力道+5    , 
10303, 103, 3, 0, 0, 0, 0, 0, 150000, 1080103$$ 1082001, 2$$ 20, 77010303, 0, 0, 力道+5    , 
10304, 103, 4, 0, 0, 0, 0, 0, 200000, 1080103$$ 1082001, 3$$ 30, 77010304, 0, 0, 力道+5    外功攻击+6<br>外功防御+4, 
10305, 103, 5, 0, 0, 0, 0, 0, 250000, 1080103$$ 1082001, 3$$ 40, 77010305, 0, 0, 力道+5    , 
10306, 103, 6, 0, 0, 0, 0, 0, 300000, 1080103$$ 1082001, 4$$ 50, 77010306, 0, 0, 力道+5    , 
10307, 103, 7, 0, 0, 0, 0, 0, 350000, 1080103$$ 1082001, 4$$ 60, 77010307, 0, 0, 力道+5    , 
10308, 103, 8, 0, 0, 0, 0, 0, 400000, 1080103$$ 1082001, 5$$ 70, 77010308, 0, 0, 力道+5    外功攻击+6<br>外功防御+4, 
10309, 103, 9, 0, 0, 0, 0, 0, 450000, 1080103$$ 1082001, 5$$ 90, 77010309, 0, 0, 力道+5    , 
10310, 103, 10, 0, 0, 0, 0, 0, 500000, 1080103$$ 1082001, 6$$ 100, 77010310, 0, 0, 力道+5    , 
10311, 103, 11, 0, 0, 0, 0, 0, 550000, 1080103$$ 1082001, 6$$ 120, 77010311, 0, 0, 力道+5    , 
10312, 103, 12, 0, 0, 0, 0, 0, 600000, 1080103$$ 1082001, 7$$ 140, 77010312, 0, 0, 力道+5    外功攻击+6<br>外功防御+4, 
10313, 103, 13, 0, 0, 0, 0, 0, 650000, 1080103$$ 1082001, 7$$ 160, 77010313, 0, 0, 力道+5    , 
10314, 103, 14, 0, 0, 0, 0, 0, 700000, 1080103$$ 1082001, 8$$ 180, 77010314, 0, 0, 力道+5    , 
10315, 103, 15, 0, 0, 0, 0, 0, 750000, 1080103$$ 1082001, 8$$ 200, 77010315, 0, 0, 力道+5    , 
10316, 103, 16, 0, 0, 0, 0, 0, 800000, 1080103$$ 1082001, 9$$ 250, 77010316, 0, 0, 力道+5    外功攻击+6<br>外功防御+4, 
20101, 201, 1, 0, 0, 0, 0, 0, 50000, 1080201$$ 1082001, 1$$ 10, 77020101, 0, 0, 气劲+3    身法+2, 
20102, 201, 2, 0, 0, 0, 0, 0, 100000, 1080201$$ 1082001, 2$$ 10, 77020102, 0, 0, 气劲+3    身法+2, 
20103, 201, 3, 0, 0, 0, 0, 0, 150000, 1080201$$ 1082001, 2$$ 20, 77020103, 0, 0, 气劲+3    身法+2, 
20104, 201, 4, 0, 0, 0, 0, 0, 200000, 1080201$$ 1082001, 3$$ 30, 77020104, 0, 0, 气劲+3    身法+2<br>内功防御+16    , 
20105, 201, 5, 0, 0, 0, 0, 0, 250000, 1080201$$ 1082001, 3$$ 40, 77020105, 0, 0, 气劲+3    身法+2, 
20106, 201, 6, 0, 0, 0, 0, 0, 300000, 1080201$$ 1082001, 4$$ 50, 77020106, 0, 0, 气劲+3    身法+2, 
20107, 201, 7, 0, 0, 0, 0, 0, 350000, 1080201$$ 1082001, 4$$ 60, 77020107, 0, 0, 气劲+3    身法+2, 
20108, 201, 8, 0, 0, 0, 0, 0, 400000, 1080201$$ 1082001, 5$$ 70, 77020108, 0, 0, 气劲+3    身法+2<br>内功防御+16    , 
20109, 201, 9, 0, 0, 0, 0, 0, 450000, 1080201$$ 1082001, 5$$ 90, 77020109, 0, 0, 气劲+3    身法+2, 
20110, 201, 10, 0, 0, 0, 0, 0, 500000, 1080201$$ 1082001, 6$$ 100, 77020110, 0, 0, 气劲+3    身法+2, 
20111, 201, 11, 0, 0, 0, 0, 0, 550000, 1080201$$ 1082001, 6$$ 120, 77020111, 0, 0, 气劲+3    身法+2, 
20112, 201, 12, 0, 0, 0, 0, 0, 600000, 1080201$$ 1082001, 7$$ 140, 77020112, 0, 0, 气劲+3    身法+2<br>内功防御+16    , 
20113, 201, 13, 0, 0, 0, 0, 0, 650000, 1080201$$ 1082001, 7$$ 160, 77020113, 0, 0, 气劲+3    身法+2, 
20114, 201, 14, 0, 0, 0, 0, 0, 700000, 1080201$$ 1082001, 8$$ 180, 77020114, 0, 0, 气劲+3    身法+2, 
20115, 201, 15, 0, 0, 0, 0, 0, 750000, 1080201$$ 1082001, 8$$ 200, 77020115, 0, 0, 气劲+3    身法+2, 
20116, 201, 16, 0, 0, 0, 0, 0, 800000, 1080201$$ 1082001, 9$$ 250, 77020116, 0, 0, 气劲+3    身法+2<br>内功防御+16    , 
20201, 202, 1, 0, 0, 0, 0, 0, 50000, 1080202$$ 1082001, 1$$ 10, 77020201, 0, 0, 气劲+4    洞察+1, 
20202, 202, 2, 0, 0, 0, 0, 0, 100000, 1080202$$ 1082001, 2$$ 10, 77020202, 0, 0, 气劲+4    洞察+1, 
20203, 202, 3, 0, 0, 0, 0, 0, 150000, 1080202$$ 1082001, 2$$ 20, 77020203, 0, 0, 气劲+4    洞察+1, 
20204, 202, 4, 0, 0, 0, 0, 0, 200000, 1080202$$ 1082001, 3$$ 30, 77020204, 0, 0, 气劲+4    洞察+1<br>内功攻击+5    , 
20205, 202, 5, 0, 0, 0, 0, 0, 250000, 1080202$$ 1082001, 3$$ 40, 77020205, 0, 0, 气劲+4    洞察+1, 
20206, 202, 6, 0, 0, 0, 0, 0, 300000, 1080202$$ 1082001, 4$$ 50, 77020206, 0, 0, 气劲+4    洞察+1, 
20207, 202, 7, 0, 0, 0, 0, 0, 350000, 1080202$$ 1082001, 4$$ 60, 77020207, 0, 0, 气劲+4    洞察+1, 
20208, 202, 8, 0, 0, 0, 0, 0, 400000, 1080202$$ 1082001, 5$$ 70, 77020208, 0, 0, 气劲+4    洞察+1<br>内功攻击+5    , 
20209, 202, 9, 0, 0, 0, 0, 0, 450000, 1080202$$ 1082001, 5$$ 90, 77020209, 0, 0, 气劲+4    洞察+1, 
20210, 202, 10, 0, 0, 0, 0, 0, 500000, 1080202$$ 1082001, 6$$ 100, 77020210, 0, 0, 气劲+4    洞察+1, 
20211, 202, 11, 0, 0, 0, 0, 0, 550000, 1080202$$ 1082001, 6$$ 120, 77020211, 0, 0, 气劲+4    洞察+1, 
20212, 202, 12, 0, 0, 0, 0, 0, 600000, 1080202$$ 1082001, 7$$ 140, 77020212, 0, 0, 气劲+4    洞察+1<br>内功攻击+5    , 
20213, 202, 13, 0, 0, 0, 0, 0, 650000, 1080202$$ 1082001, 7$$ 160, 77020213, 0, 0, 气劲+4    洞察+1, 
20214, 202, 14, 0, 0, 0, 0, 0, 700000, 1080202$$ 1082001, 8$$ 180, 77020214, 0, 0, 气劲+4    洞察+1, 
20215, 202, 15, 0, 0, 0, 0, 0, 750000, 1080202$$ 1082001, 8$$ 200, 77020215, 0, 0, 气劲+4    洞察+1, 
20216, 202, 16, 0, 0, 0, 0, 0, 800000, 1080202$$ 1082001, 9$$ 250, 77020216, 0, 0, 气劲+4    洞察+1<br>内功攻击+5    , 
20301, 203, 1, 0, 0, 0, 0, 0, 50000, 1080203$$ 1082001, 1$$ 10, 77020301, 0, 0, 气劲+5    , 
20302, 203, 2, 0, 0, 0, 0, 0, 100000, 1080203$$ 1082001, 2$$ 10, 77020302, 0, 0, 气劲+5    , 
20303, 203, 3, 0, 0, 0, 0, 0, 150000, 1080203$$ 1082001, 2$$ 20, 77020303, 0, 0, 气劲+5    , 
20304, 203, 4, 0, 0, 0, 0, 0, 200000, 1080203$$ 1082001, 3$$ 30, 77020304, 0, 0, 气劲+5    内功攻击+4<br>内功防御+3, 
20305, 203, 5, 0, 0, 0, 0, 0, 250000, 1080203$$ 1082001, 3$$ 40, 77020305, 0, 0, 气劲+5    , 
20306, 203, 6, 0, 0, 0, 0, 0, 300000, 1080203$$ 1082001, 4$$ 50, 77020306, 0, 0, 气劲+5    , 
20307, 203, 7, 0, 0, 0, 0, 0, 350000, 1080203$$ 1082001, 4$$ 60, 77020307, 0, 0, 气劲+5    , 
20308, 203, 8, 0, 0, 0, 0, 0, 400000, 1080203$$ 1082001, 5$$ 70, 77020308, 0, 0, 气劲+5    内功攻击+4<br>内功防御+3, 
20309, 203, 9, 0, 0, 0, 0, 0, 450000, 1080203$$ 1082001, 5$$ 90, 77020309, 0, 0, 气劲+5    , 
20310, 203, 10, 0, 0, 0, 0, 0, 500000, 1080203$$ 1082001, 6$$ 100, 77020310, 0, 0, 气劲+5    , 
20311, 203, 11, 0, 0, 0, 0, 0, 550000, 1080203$$ 1082001, 6$$ 120, 77020311, 0, 0, 气劲+5    , 
20312, 203, 12, 0, 0, 0, 0, 0, 600000, 1080203$$ 1082001, 7$$ 140, 77020312, 0, 0, 气劲+5    内功攻击+4<br>内功防御+3, 
20313, 203, 13, 0, 0, 0, 0, 0, 650000, 1080203$$ 1082001, 7$$ 160, 77020313, 0, 0, 气劲+5    , 
20314, 203, 14, 0, 0, 0, 0, 0, 700000, 1080203$$ 1082001, 8$$ 180, 77020314, 0, 0, 气劲+5    , 
20315, 203, 15, 0, 0, 0, 0, 0, 750000, 1080203$$ 1082001, 8$$ 200, 77020315, 0, 0, 气劲+5    , 
20316, 203, 16, 0, 0, 0, 0, 0, 800000, 1080203$$ 1082001, 9$$ 250, 77020316, 0, 0, 气劲+5    内功攻击+4<br>内功防御+3, 
30101, 301, 1, 0, 0, 0, 0, 0, 50000, 1080301$$ 1082001, 1$$ 10, 77030101, 0, 0, 根骨+3    气劲+2, 
30102, 301, 2, 0, 0, 0, 0, 0, 100000, 1080301$$ 1082001, 2$$ 10, 77030102, 0, 0, 根骨+3    气劲+2, 
30103, 301, 3, 0, 0, 0, 0, 0, 150000, 1080301$$ 1082001, 2$$ 20, 77030103, 0, 0, 根骨+3    气劲+2, 
30104, 301, 4, 0, 0, 0, 0, 0, 200000, 1080301$$ 1082001, 3$$ 30, 77030104, 0, 0, 根骨+3    气劲+2<br>气血+60    内功防御+4, 
30105, 301, 5, 0, 0, 0, 0, 0, 250000, 1080301$$ 1082001, 3$$ 40, 77030105, 0, 0, 根骨+3    气劲+2, 
30106, 301, 6, 0, 0, 0, 0, 0, 300000, 1080301$$ 1082001, 4$$ 50, 77030106, 0, 0, 根骨+3    气劲+2, 
30107, 301, 7, 0, 0, 0, 0, 0, 350000, 1080301$$ 1082001, 4$$ 60, 77030107, 0, 0, 根骨+3    气劲+2, 
30108, 301, 8, 0, 0, 0, 0, 0, 400000, 1080301$$ 1082001, 5$$ 70, 77030108, 0, 0, 根骨+3    气劲+2<br>气血+60    内功防御+4, 
30109, 301, 9, 0, 0, 0, 0, 0, 450000, 1080301$$ 1082001, 5$$ 90, 77030109, 0, 0, 根骨+3    气劲+2, 
30110, 301, 10, 0, 0, 0, 0, 0, 500000, 1080301$$ 1082001, 6$$ 100, 77030110, 0, 0, 根骨+3    气劲+2, 
30111, 301, 11, 0, 0, 0, 0, 0, 550000, 1080301$$ 1082001, 6$$ 120, 77030111, 0, 0, 根骨+3    气劲+2, 
30112, 301, 12, 0, 0, 0, 0, 0, 600000, 1080301$$ 1082001, 7$$ 140, 77030112, 0, 0, 根骨+3    气劲+2<br>气血+60    内功防御+4, 
30113, 301, 13, 0, 0, 0, 0, 0, 650000, 1080301$$ 1082001, 7$$ 160, 77030113, 0, 0, 根骨+3    气劲+2, 
30114, 301, 14, 0, 0, 0, 0, 0, 700000, 1080301$$ 1082001, 8$$ 180, 77030114, 0, 0, 根骨+3    气劲+2, 
30115, 301, 15, 0, 0, 0, 0, 0, 750000, 1080301$$ 1082001, 8$$ 200, 77030115, 0, 0, 根骨+3    气劲+2, 
30116, 301, 16, 0, 0, 0, 0, 0, 800000, 1080301$$ 1082001, 9$$ 250, 77030116, 0, 0, 根骨+3    气劲+2<br>气血+60    内功防御+4, 
30201, 302, 1, 0, 0, 0, 0, 0, 50000, 1080302$$ 1082001, 1$$ 10, 77030201, 0, 0, 根骨+4    身法+1, 
30202, 302, 2, 0, 0, 0, 0, 0, 100000, 1080302$$ 1082001, 2$$ 10, 77030202, 0, 0, 根骨+4    身法+1, 
30203, 302, 3, 0, 0, 0, 0, 0, 150000, 1080302$$ 1082001, 2$$ 20, 77030203, 0, 0, 根骨+4    身法+1, 
30204, 302, 4, 0, 0, 0, 0, 0, 200000, 1080302$$ 1082001, 3$$ 30, 77030204, 0, 0, 根骨+4    身法+1<br>气血+50    外功防御+6, 
30205, 302, 5, 0, 0, 0, 0, 0, 250000, 1080302$$ 1082001, 3$$ 40, 77030205, 0, 0, 根骨+4    身法+1, 
30206, 302, 6, 0, 0, 0, 0, 0, 300000, 1080302$$ 1082001, 4$$ 50, 77030206, 0, 0, 根骨+4    身法+1, 
30207, 302, 7, 0, 0, 0, 0, 0, 350000, 1080302$$ 1082001, 4$$ 60, 77030207, 0, 0, 根骨+4    身法+1, 
30208, 302, 8, 0, 0, 0, 0, 0, 400000, 1080302$$ 1082001, 5$$ 70, 77030208, 0, 0, 根骨+4    身法+1<br>气血+50    外功防御+6, 
30209, 302, 9, 0, 0, 0, 0, 0, 450000, 1080302$$ 1082001, 5$$ 90, 77030209, 0, 0, 根骨+4    身法+1, 
30210, 302, 10, 0, 0, 0, 0, 0, 500000, 1080302$$ 1082001, 6$$ 100, 77030210, 0, 0, 根骨+4    身法+1, 
30211, 302, 11, 0, 0, 0, 0, 0, 550000, 1080302$$ 1082001, 6$$ 120, 77030211, 0, 0, 根骨+4    身法+1, 
30212, 302, 12, 0, 0, 0, 0, 0, 600000, 1080302$$ 1082001, 7$$ 140, 77030212, 0, 0, 根骨+4    身法+1<br>气血+50    外功防御+6, 
30213, 302, 13, 0, 0, 0, 0, 0, 650000, 1080302$$ 1082001, 7$$ 160, 77030213, 0, 0, 根骨+4    身法+1, 
30214, 302, 14, 0, 0, 0, 0, 0, 700000, 1080302$$ 1082001, 8$$ 180, 77030214, 0, 0, 根骨+4    身法+1, 
30215, 302, 15, 0, 0, 0, 0, 0, 750000, 1080302$$ 1082001, 8$$ 200, 77030215, 0, 0, 根骨+4    身法+1, 
30216, 302, 16, 0, 0, 0, 0, 0, 800000, 1080302$$ 1082001, 9$$ 250, 77030216, 0, 0, 根骨+4    身法+1<br>气血+50    外功防御+6, 
30301, 303, 1, 0, 0, 0, 0, 0, 50000, 1080303$$ 1082001, 1$$ 10, 77030301, 0, 0, 根骨+5    , 
30302, 303, 2, 0, 0, 0, 0, 0, 100000, 1080303$$ 1082001, 2$$ 10, 77030302, 0, 0, 根骨+5    , 
30303, 303, 3, 0, 0, 0, 0, 0, 150000, 1080303$$ 1082001, 2$$ 20, 77030303, 0, 0, 根骨+5    , 
30304, 303, 4, 0, 0, 0, 0, 0, 200000, 1080303$$ 1082001, 3$$ 30, 77030304, 0, 0, 根骨+5    气血+80    , 
30305, 303, 5, 0, 0, 0, 0, 0, 250000, 1080303$$ 1082001, 3$$ 40, 77030305, 0, 0, 根骨+5    , 
30306, 303, 6, 0, 0, 0, 0, 0, 300000, 1080303$$ 1082001, 4$$ 50, 77030306, 0, 0, 根骨+5    , 
30307, 303, 7, 0, 0, 0, 0, 0, 350000, 1080303$$ 1082001, 4$$ 60, 77030307, 0, 0, 根骨+5    , 
30308, 303, 8, 0, 0, 0, 0, 0, 400000, 1080303$$ 1082001, 5$$ 70, 77030308, 0, 0, 根骨+5    气血+80    , 
30309, 303, 9, 0, 0, 0, 0, 0, 450000, 1080303$$ 1082001, 5$$ 90, 77030309, 0, 0, 根骨+5    , 
30310, 303, 10, 0, 0, 0, 0, 0, 500000, 1080303$$ 1082001, 6$$ 100, 77030310, 0, 0, 根骨+5    , 
30311, 303, 11, 0, 0, 0, 0, 0, 550000, 1080303$$ 1082001, 6$$ 120, 77030311, 0, 0, 根骨+5    , 
30312, 303, 12, 0, 0, 0, 0, 0, 600000, 1080303$$ 1082001, 7$$ 140, 77030312, 0, 0, 根骨+5    气血+80    , 
30313, 303, 13, 0, 0, 0, 0, 0, 650000, 1080303$$ 1082001, 7$$ 160, 77030313, 0, 0, 根骨+5    , 
30314, 303, 14, 0, 0, 0, 0, 0, 700000, 1080303$$ 1082001, 8$$ 180, 77030314, 0, 0, 根骨+5    , 
30315, 303, 15, 0, 0, 0, 0, 0, 750000, 1080303$$ 1082001, 8$$ 200, 77030315, 0, 0, 根骨+5    , 
30316, 303, 16, 0, 0, 0, 0, 0, 800000, 1080303$$ 1082001, 9$$ 250, 77030316, 0, 0, 根骨+5    气血+80    , 
40101, 401, 1, 0, 0, 0, 0, 0, 50000, 1080401$$ 1082001, 1$$ 10, 77040101, 0, 0, 洞察+3    力道+2, 
40102, 401, 2, 0, 0, 0, 0, 0, 100000, 1080401$$ 1082001, 2$$ 10, 77040102, 0, 0, 洞察+3    力道+2, 
40103, 401, 3, 0, 0, 0, 0, 0, 150000, 1080401$$ 1082001, 2$$ 20, 77040103, 0, 0, 洞察+3    力道+2, 
40104, 401, 4, 0, 0, 0, 0, 0, 200000, 1080401$$ 1082001, 3$$ 30, 77040104, 0, 0, 洞察+3    力道+2<br>命中+1%    外功攻击+3, 
40105, 401, 5, 0, 0, 0, 0, 0, 250000, 1080401$$ 1082001, 3$$ 40, 77040105, 0, 0, 洞察+3    力道+2, 
40106, 401, 6, 0, 0, 0, 0, 0, 300000, 1080401$$ 1082001, 4$$ 50, 77040106, 0, 0, 洞察+3    力道+2, 
40107, 401, 7, 0, 0, 0, 0, 0, 350000, 1080401$$ 1082001, 4$$ 60, 77040107, 0, 0, 洞察+3    力道+2, 
40108, 401, 8, 0, 0, 0, 0, 0, 400000, 1080401$$ 1082001, 5$$ 70, 77040108, 0, 0, 洞察+3    力道+2<br>命中+1%    外功攻击+3, 
40109, 401, 9, 0, 0, 0, 0, 0, 450000, 1080401$$ 1082001, 5$$ 90, 77040109, 0, 0, 洞察+3    力道+2, 
40110, 401, 10, 0, 0, 0, 0, 0, 500000, 1080401$$ 1082001, 6$$ 100, 77040110, 0, 0, 洞察+3    力道+2, 
40111, 401, 11, 0, 0, 0, 0, 0, 550000, 1080401$$ 1082001, 6$$ 120, 77040111, 0, 0, 洞察+3    力道+2, 
40112, 401, 12, 0, 0, 0, 0, 0, 600000, 1080401$$ 1082001, 7$$ 140, 77040112, 0, 0, 洞察+3    力道+2<br>命中+1%    外功攻击+3, 
40113, 401, 13, 0, 0, 0, 0, 0, 650000, 1080401$$ 1082001, 7$$ 160, 77040113, 0, 0, 洞察+3    力道+2, 
40114, 401, 14, 0, 0, 0, 0, 0, 700000, 1080401$$ 1082001, 8$$ 180, 77040114, 0, 0, 洞察+3    力道+2, 
40115, 401, 15, 0, 0, 0, 0, 0, 750000, 1080401$$ 1082001, 8$$ 200, 77040115, 0, 0, 洞察+3    力道+2, 
40116, 401, 16, 0, 0, 0, 0, 0, 800000, 1080401$$ 1082001, 9$$ 250, 77040116, 0, 0, 洞察+3    力道+2<br>命中+1%    外功攻击+3, 
40201, 402, 1, 0, 0, 0, 0, 0, 50000, 1080402$$ 1082001, 1$$ 10, 77040201, 0, 0, 洞察+4    气劲+1, 
40202, 402, 2, 0, 0, 0, 0, 0, 100000, 1080402$$ 1082001, 2$$ 10, 77040202, 0, 0, 洞察+4    气劲+1, 
40203, 402, 3, 0, 0, 0, 0, 0, 150000, 1080402$$ 1082001, 2$$ 20, 77040203, 0, 0, 洞察+4    气劲+1, 
40204, 402, 4, 0, 0, 0, 0, 0, 200000, 1080402$$ 1082001, 3$$ 30, 77040204, 0, 0, 洞察+4    气劲+1<br>会心率+0.5%    内功攻击+2, 
40205, 402, 5, 0, 0, 0, 0, 0, 250000, 1080402$$ 1082001, 3$$ 40, 77040205, 0, 0, 洞察+4    气劲+1, 
40206, 402, 6, 0, 0, 0, 0, 0, 300000, 1080402$$ 1082001, 4$$ 50, 77040206, 0, 0, 洞察+4    气劲+1, 
40207, 402, 7, 0, 0, 0, 0, 0, 350000, 1080402$$ 1082001, 4$$ 60, 77040207, 0, 0, 洞察+4    气劲+1, 
40208, 402, 8, 0, 0, 0, 0, 0, 400000, 1080402$$ 1082001, 5$$ 70, 77040208, 0, 0, 洞察+4    气劲+1<br>会心率+0.5%    内功攻击+2, 
40209, 402, 9, 0, 0, 0, 0, 0, 450000, 1080402$$ 1082001, 5$$ 90, 77040209, 0, 0, 洞察+4    气劲+1, 
40210, 402, 10, 0, 0, 0, 0, 0, 500000, 1080402$$ 1082001, 6$$ 100, 77040210, 0, 0, 洞察+4    气劲+1, 
40211, 402, 11, 0, 0, 0, 0, 0, 550000, 1080402$$ 1082001, 6$$ 120, 77040211, 0, 0, 洞察+4    气劲+1, 
40212, 402, 12, 0, 0, 0, 0, 0, 600000, 1080402$$ 1082001, 7$$ 140, 77040212, 0, 0, 洞察+4    气劲+1<br>会心率+0.5%    内功攻击+2, 
40213, 402, 13, 0, 0, 0, 0, 0, 650000, 1080402$$ 1082001, 7$$ 160, 77040213, 0, 0, 洞察+4    气劲+1, 
40214, 402, 14, 0, 0, 0, 0, 0, 700000, 1080402$$ 1082001, 8$$ 180, 77040214, 0, 0, 洞察+4    气劲+1, 
40215, 402, 15, 0, 0, 0, 0, 0, 750000, 1080402$$ 1082001, 8$$ 200, 77040215, 0, 0, 洞察+4    气劲+1, 
40216, 402, 16, 0, 0, 0, 0, 0, 800000, 1080402$$ 1082001, 9$$ 250, 77040216, 0, 0, 洞察+4    气劲+1<br>会心率+0.5%    内功攻击+2, 
40301, 403, 1, 0, 0, 0, 0, 0, 50000, 1080403$$ 1082001, 1$$ 10, 77040301, 0, 0, 洞察+5    , 
40302, 403, 2, 0, 0, 0, 0, 0, 100000, 1080403$$ 1082001, 2$$ 10, 77040302, 0, 0, 洞察+5    , 
40303, 403, 3, 0, 0, 0, 0, 0, 150000, 1080403$$ 1082001, 2$$ 20, 77040303, 0, 0, 洞察+5    , 
40304, 403, 4, 0, 0, 0, 0, 0, 200000, 1080403$$ 1082001, 3$$ 30, 77040304, 0, 0, 洞察+5    会心率+0.5%<br>命中+0.6%, 
40305, 403, 5, 0, 0, 0, 0, 0, 250000, 1080403$$ 1082001, 3$$ 40, 77040305, 0, 0, 洞察+5    , 
40306, 403, 6, 0, 0, 0, 0, 0, 300000, 1080403$$ 1082001, 4$$ 50, 77040306, 0, 0, 洞察+5    , 
40307, 403, 7, 0, 0, 0, 0, 0, 350000, 1080403$$ 1082001, 4$$ 60, 77040307, 0, 0, 洞察+5    , 
40308, 403, 8, 0, 0, 0, 0, 0, 400000, 1080403$$ 1082001, 5$$ 70, 77040308, 0, 0, 洞察+5    会心率+0.5%<br>命中+0.6%, 
40309, 403, 9, 0, 0, 0, 0, 0, 450000, 1080403$$ 1082001, 5$$ 90, 77040309, 0, 0, 洞察+5    , 
40310, 403, 10, 0, 0, 0, 0, 0, 500000, 1080403$$ 1082001, 6$$ 100, 77040310, 0, 0, 洞察+5    , 
40311, 403, 11, 0, 0, 0, 0, 0, 550000, 1080403$$ 1082001, 6$$ 120, 77040311, 0, 0, 洞察+5    , 
40312, 403, 12, 0, 0, 0, 0, 0, 600000, 1080403$$ 1082001, 7$$ 140, 77040312, 0, 0, 洞察+5    会心率+0.5%<br>命中+0.6%, 
40313, 403, 13, 0, 0, 0, 0, 0, 650000, 1080403$$ 1082001, 7$$ 160, 77040313, 0, 0, 洞察+5    , 
40314, 403, 14, 0, 0, 0, 0, 0, 700000, 1080403$$ 1082001, 8$$ 180, 77040314, 0, 0, 洞察+5    , 
40315, 403, 15, 0, 0, 0, 0, 0, 750000, 1080403$$ 1082001, 8$$ 200, 77040315, 0, 0, 洞察+5    , 
40316, 403, 16, 0, 0, 0, 0, 0, 800000, 1080403$$ 1082001, 9$$ 250, 77040316, 0, 0, 洞察+5    会心率+0.5%<br>命中+0.6%, 
50101, 501, 1, 0, 0, 0, 0, 0, 50000, 1080501$$ 1082001, 1$$ 10, 77050101, 0, 0, 身法+3    根骨+2, 
50102, 501, 2, 0, 0, 0, 0, 0, 100000, 1080501$$ 1082001, 2$$ 10, 77050102, 0, 0, 身法+3    根骨+2, 
50103, 501, 3, 0, 0, 0, 0, 0, 150000, 1080501$$ 1082001, 2$$ 20, 77050103, 0, 0, 身法+3    根骨+2, 
50104, 501, 4, 0, 0, 0, 0, 0, 200000, 1080501$$ 1082001, 3$$ 30, 77050104, 0, 0, 身法+3    根骨+2<br>格挡+1%    内功防御+6, 
50105, 501, 5, 0, 0, 0, 0, 0, 250000, 1080501$$ 1082001, 3$$ 40, 77050105, 0, 0, 身法+3    根骨+2, 
50106, 501, 6, 0, 0, 0, 0, 0, 300000, 1080501$$ 1082001, 4$$ 50, 77050106, 0, 0, 身法+3    根骨+2, 
50107, 501, 7, 0, 0, 0, 0, 0, 350000, 1080501$$ 1082001, 4$$ 60, 77050107, 0, 0, 身法+3    根骨+2, 
50108, 501, 8, 0, 0, 0, 0, 0, 400000, 1080501$$ 1082001, 5$$ 70, 77050108, 0, 0, 身法+3    根骨+2<br>格挡+1%    内功防御+6, 
50109, 501, 9, 0, 0, 0, 0, 0, 450000, 1080501$$ 1082001, 5$$ 90, 77050109, 0, 0, 身法+3    根骨+2, 
50110, 501, 10, 0, 0, 0, 0, 0, 500000, 1080501$$ 1082001, 6$$ 100, 77050110, 0, 0, 身法+3    根骨+2, 
50111, 501, 11, 0, 0, 0, 0, 0, 550000, 1080501$$ 1082001, 6$$ 120, 77050111, 0, 0, 身法+3    根骨+2, 
50112, 501, 12, 0, 0, 0, 0, 0, 600000, 1080501$$ 1082001, 7$$ 140, 77050112, 0, 0, 身法+3    根骨+2<br>格挡+1%    内功防御+6, 
50113, 501, 13, 0, 0, 0, 0, 0, 650000, 1080501$$ 1082001, 7$$ 160, 77050113, 0, 0, 身法+3    根骨+2, 
50114, 501, 14, 0, 0, 0, 0, 0, 700000, 1080501$$ 1082001, 8$$ 180, 77050114, 0, 0, 身法+3    根骨+2, 
50115, 501, 15, 0, 0, 0, 0, 0, 750000, 1080501$$ 1082001, 8$$ 200, 77050115, 0, 0, 身法+3    根骨+2, 
50116, 501, 16, 0, 0, 0, 0, 0, 800000, 1080501$$ 1082001, 9$$ 250, 77050116, 0, 0, 身法+3    根骨+2<br>格挡+1%    内功防御+6, 
50201, 502, 1, 0, 0, 0, 0, 0, 50000, 1080502$$ 1082001, 1$$ 10, 77050201, 0, 0, 身法+4    力道+1, 
50202, 502, 2, 0, 0, 0, 0, 0, 100000, 1080502$$ 1082001, 2$$ 10, 77050202, 0, 0, 身法+4    力道+1, 
50203, 502, 3, 0, 0, 0, 0, 0, 150000, 1080502$$ 1082001, 2$$ 20, 77050203, 0, 0, 身法+4    力道+1, 
50204, 502, 4, 0, 0, 0, 0, 0, 200000, 1080502$$ 1082001, 3$$ 30, 77050204, 0, 0, 身法+4    力道+1<br>韧劲+0.5%    外功防御+7, 
50205, 502, 5, 0, 0, 0, 0, 0, 250000, 1080502$$ 1082001, 3$$ 40, 77050205, 0, 0, 身法+4    力道+1, 
50206, 502, 6, 0, 0, 0, 0, 0, 300000, 1080502$$ 1082001, 4$$ 50, 77050206, 0, 0, 身法+4    力道+1, 
50207, 502, 7, 0, 0, 0, 0, 0, 350000, 1080502$$ 1082001, 4$$ 60, 77050207, 0, 0, 身法+4    力道+1, 
50208, 502, 8, 0, 0, 0, 0, 0, 400000, 1080502$$ 1082001, 5$$ 70, 77050208, 0, 0, 身法+4    力道+1<br>韧劲+0.5%    外功防御+7, 
50209, 502, 9, 0, 0, 0, 0, 0, 450000, 1080502$$ 1082001, 5$$ 90, 77050209, 0, 0, 身法+4    力道+1, 
50210, 502, 10, 0, 0, 0, 0, 0, 500000, 1080502$$ 1082001, 6$$ 100, 77050210, 0, 0, 身法+4    力道+1, 
50211, 502, 11, 0, 0, 0, 0, 0, 550000, 1080502$$ 1082001, 6$$ 120, 77050211, 0, 0, 身法+4    力道+1, 
50212, 502, 12, 0, 0, 0, 0, 0, 600000, 1080502$$ 1082001, 7$$ 140, 77050212, 0, 0, 身法+4    力道+1<br>韧劲+0.5%    外功防御+7, 
50213, 502, 13, 0, 0, 0, 0, 0, 650000, 1080502$$ 1082001, 7$$ 160, 77050213, 0, 0, 身法+4    力道+1, 
50214, 502, 14, 0, 0, 0, 0, 0, 700000, 1080502$$ 1082001, 8$$ 180, 77050214, 0, 0, 身法+4    力道+1, 
50215, 502, 15, 0, 0, 0, 0, 0, 750000, 1080502$$ 1082001, 8$$ 200, 77050215, 0, 0, 身法+4    力道+1, 
50216, 502, 16, 0, 0, 0, 0, 0, 800000, 1080502$$ 1082001, 9$$ 250, 77050216, 0, 0, 身法+4    力道+1<br>韧劲+0.5%    外功防御+7, 
50301, 503, 1, 0, 0, 0, 0, 0, 50000, 1080503$$ 1082001, 1$$ 10, 77050301, 0, 0, 身法+5    , 
50302, 503, 2, 0, 0, 0, 0, 0, 100000, 1080503$$ 1082001, 2$$ 10, 77050302, 0, 0, 身法+5    , 
50303, 503, 3, 0, 0, 0, 0, 0, 150000, 1080503$$ 1082001, 2$$ 20, 77050303, 0, 0, 身法+5    , 
50304, 503, 4, 0, 0, 0, 0, 0, 200000, 1080503$$ 1082001, 3$$ 30, 77050304, 0, 0, 身法+5<br>韧劲+0.6%    格挡+0.5%, 
50305, 503, 5, 0, 0, 0, 0, 0, 250000, 1080503$$ 1082001, 3$$ 40, 77050305, 0, 0, 身法+5    , 
50306, 503, 6, 0, 0, 0, 0, 0, 300000, 1080503$$ 1082001, 4$$ 50, 77050306, 0, 0, 身法+5    , 
50307, 503, 7, 0, 0, 0, 0, 0, 350000, 1080503$$ 1082001, 4$$ 60, 77050307, 0, 0, 身法+5    , 
50308, 503, 8, 0, 0, 0, 0, 0, 400000, 1080503$$ 1082001, 5$$ 70, 77050308, 0, 0, 身法+5<br>韧劲+0.6%    格挡+0.5%, 
50309, 503, 9, 0, 0, 0, 0, 0, 450000, 1080503$$ 1082001, 5$$ 90, 77050309, 0, 0, 身法+5    , 
50310, 503, 10, 0, 0, 0, 0, 0, 500000, 1080503$$ 1082001, 6$$ 100, 77050310, 0, 0, 身法+5    , 
50311, 503, 11, 0, 0, 0, 0, 0, 550000, 1080503$$ 1082001, 6$$ 120, 77050311, 0, 0, 身法+5    , 
50312, 503, 12, 0, 0, 0, 0, 0, 600000, 1080503$$ 1082001, 7$$ 140, 77050312, 0, 0, 身法+5<br>韧劲+0.6%    格挡+0.5%, 
50313, 503, 13, 0, 0, 0, 0, 0, 650000, 1080503$$ 1082001, 7$$ 160, 77050313, 0, 0, 身法+5    , 
50314, 503, 14, 0, 0, 0, 0, 0, 700000, 1080503$$ 1082001, 8$$ 180, 77050314, 0, 0, 身法+5    , 
50315, 503, 15, 0, 0, 0, 0, 0, 750000, 1080503$$ 1082001, 8$$ 200, 77050315, 0, 0, 身法+5    , 
50316, 503, 16, 0, 0, 0, 0, 0, 800000, 1080503$$ 1082001, 9$$ 250, 77050316, 0, 0, 身法+5<br>韧劲+0.6%    格挡+0.5%, 
60101, 601, 1, 0, 0, 0, 0, 0, 200000, 1080601$$ 1082001, 1$$ 20, 77060101, 0, 0, 身法+6    力道+2, 
60102, 601, 2, 0, 0, 0, 0, 0, 400000, 1080601$$ 1082001, 2$$ 40, 77060102, 0, 0, 身法+6    力道+2, 
60103, 601, 3, 0, 0, 0, 0, 0, 600000, 1080601$$ 1082001, 2$$ 80, 77060103, 0, 0, 身法+6    力道+2, 
60104, 601, 4, 0, 0, 0, 0, 0, 800000, 1080601$$ 1082001, 3$$ 140, 77060104, 0, 0, 身法+6    力道+2<br>外功防御+20    格挡+1%, 
60105, 601, 5, 0, 0, 0, 0, 0, 1000000, 1080601$$ 1082001, 3$$ 200, 77060105, 0, 0, 身法+6    力道+2, 
60106, 601, 6, 0, 0, 0, 0, 0, 1200000, 1080601$$ 1082001, 4$$ 280, 77060106, 0, 0, 身法+6    力道+2, 
60107, 601, 7, 0, 0, 0, 0, 0, 1400000, 1080601$$ 1082001, 4$$ 360, 77060107, 0, 0, 身法+6    力道+2, 
60108, 601, 8, 0, 0, 0, 0, 0, 1600000, 1080601$$ 1082001, 5$$ 460, 77060108, 0, 0, 身法+6    力道+2<br>外功防御+20    格挡+1%, 
60109, 601, 9, 0, 0, 0, 0, 0, 1800000, 1080601$$ 1082001, 5$$ 560, 77060109, 0, 0, 身法+6    力道+2, 
60110, 601, 10, 0, 0, 0, 0, 0, 2000000, 1080601$$ 1082001, 6$$ 680, 77060110, 0, 0, 身法+6    力道+2, 
60111, 601, 11, 0, 0, 0, 0, 0, 2200000, 1080601$$ 1082001, 6$$ 800, 77060111, 0, 0, 身法+6    力道+2, 
60112, 601, 12, 0, 0, 0, 0, 0, 2400000, 1080601$$ 1082001, 7$$ 940, 77060112, 0, 0, 身法+6    力道+2<br>外功防御+20    格挡+1%, 
60113, 601, 13, 0, 0, 0, 0, 0, 2600000, 1080601$$ 1082001, 7$$ 1080, 77060113, 0, 0, 身法+6    力道+2, 
60114, 601, 14, 0, 0, 0, 0, 0, 2800000, 1080601$$ 1082001, 8$$ 1240, 77060114, 0, 0, 身法+6    力道+2, 
60115, 601, 15, 0, 0, 0, 0, 0, 3000000, 1080601$$ 1082001, 8$$ 1400, 77060115, 0, 0, 身法+6    力道+2, 
60116, 601, 16, 0, 0, 0, 0, 0, 3200000, 1080601$$ 1082001, 9$$ 1600, 77060116, 0, 0, 身法+6    力道+2<br>外功防御+20    格挡+1%, 
60201, 602, 1, 0, 0, 0, 0, 0, 200000, 1080602$$ 1082001, 1$$ 20, 77060201, 0, 0, 身法+5    根骨+3, 
60202, 602, 2, 0, 0, 0, 0, 0, 400000, 1080602$$ 1082001, 2$$ 40, 77060202, 0, 0, 身法+5    根骨+3, 
60203, 602, 3, 0, 0, 0, 0, 0, 600000, 1080602$$ 1082001, 2$$ 80, 77060203, 0, 0, 身法+5    根骨+3, 
60204, 602, 4, 0, 0, 0, 0, 0, 800000, 1080602$$ 1082001, 3$$ 140, 77060204, 0, 0, 身法+5    根骨+3<br>内功防御+12    韧劲+1%, 
60205, 602, 5, 0, 0, 0, 0, 0, 1000000, 1080602$$ 1082001, 3$$ 200, 77060205, 0, 0, 身法+5    根骨+3, 
60206, 602, 6, 0, 0, 0, 0, 0, 1200000, 1080602$$ 1082001, 4$$ 280, 77060206, 0, 0, 身法+5    根骨+3, 
60207, 602, 7, 0, 0, 0, 0, 0, 1400000, 1080602$$ 1082001, 4$$ 360, 77060207, 0, 0, 身法+5    根骨+3, 
60208, 602, 8, 0, 0, 0, 0, 0, 1600000, 1080602$$ 1082001, 5$$ 460, 77060208, 0, 0, 身法+5    根骨+3<br>内功防御+12    韧劲+1%, 
60209, 602, 9, 0, 0, 0, 0, 0, 1800000, 1080602$$ 1082001, 5$$ 560, 77060209, 0, 0, 身法+5    根骨+3, 
60210, 602, 10, 0, 0, 0, 0, 0, 2000000, 1080602$$ 1082001, 6$$ 680, 77060210, 0, 0, 身法+5    根骨+3, 
60211, 602, 11, 0, 0, 0, 0, 0, 2200000, 1080602$$ 1082001, 6$$ 800, 77060211, 0, 0, 身法+5    根骨+3, 
60212, 602, 12, 0, 0, 0, 0, 0, 2400000, 1080602$$ 1082001, 7$$ 940, 77060212, 0, 0, 身法+5    根骨+3<br>内功防御+12    韧劲+1%, 
60213, 602, 13, 0, 0, 0, 0, 0, 2600000, 1080602$$ 1082001, 7$$ 1080, 77060213, 0, 0, 身法+5    根骨+3, 
60214, 602, 14, 0, 0, 0, 0, 0, 2800000, 1080602$$ 1082001, 8$$ 1240, 77060214, 0, 0, 身法+5    根骨+3, 
60215, 602, 15, 0, 0, 0, 0, 0, 3000000, 1080602$$ 1082001, 8$$ 1400, 77060215, 0, 0, 身法+5    根骨+3, 
60216, 602, 16, 0, 0, 0, 0, 0, 3200000, 1080602$$ 1082001, 9$$ 1600, 77060216, 0, 0, 身法+5    根骨+3<br>内功防御+12    韧劲+1%, 
60301, 603, 1, 0, 0, 0, 0, 0, 200000, 1080603$$ 1082001, 1$$ 20, 77060301, 0, 0, 根骨+5    力道+3, 
60302, 603, 2, 0, 0, 0, 0, 0, 400000, 1080603$$ 1082001, 2$$ 40, 77060302, 0, 0, 根骨+5    力道+3, 
60303, 603, 3, 0, 0, 0, 0, 0, 600000, 1080603$$ 1082001, 2$$ 80, 77060303, 0, 0, 根骨+5    力道+3, 
60304, 603, 4, 0, 0, 0, 0, 0, 800000, 1080603$$ 1082001, 3$$ 140, 77060304, 0, 0, 根骨+5    力道+3<br>格挡+1%    气血+100, 
60305, 603, 5, 0, 0, 0, 0, 0, 1000000, 1080603$$ 1082001, 3$$ 200, 77060305, 0, 0, 根骨+5    力道+3, 
60306, 603, 6, 0, 0, 0, 0, 0, 1200000, 1080603$$ 1082001, 4$$ 280, 77060306, 0, 0, 根骨+5    力道+3, 
60307, 603, 7, 0, 0, 0, 0, 0, 1400000, 1080603$$ 1082001, 4$$ 360, 77060307, 0, 0, 根骨+5    力道+3, 
60308, 603, 8, 0, 0, 0, 0, 0, 1600000, 1080603$$ 1082001, 5$$ 460, 77060308, 0, 0, 根骨+5    力道+3<br>格挡+1%    气血+100, 
60309, 603, 9, 0, 0, 0, 0, 0, 1800000, 1080603$$ 1082001, 5$$ 560, 77060309, 0, 0, 根骨+5    力道+3, 
60310, 603, 10, 0, 0, 0, 0, 0, 2000000, 1080603$$ 1082001, 6$$ 680, 77060310, 0, 0, 根骨+5    力道+3, 
60311, 603, 11, 0, 0, 0, 0, 0, 2200000, 1080603$$ 1082001, 6$$ 800, 77060311, 0, 0, 根骨+5    力道+3, 
60312, 603, 12, 0, 0, 0, 0, 0, 2400000, 1080603$$ 1082001, 7$$ 940, 77060312, 0, 0, 根骨+5    力道+3<br>格挡+1%    气血+100, 
60313, 603, 13, 0, 0, 0, 0, 0, 2600000, 1080603$$ 1082001, 7$$ 1080, 77060313, 0, 0, 根骨+5    力道+3, 
60314, 603, 14, 0, 0, 0, 0, 0, 2800000, 1080603$$ 1082001, 8$$ 1240, 77060314, 0, 0, 根骨+5    力道+3, 
60315, 603, 15, 0, 0, 0, 0, 0, 3000000, 1080603$$ 1082001, 8$$ 1400, 77060315, 0, 0, 根骨+5    力道+3, 
60316, 603, 16, 0, 0, 0, 0, 0, 3200000, 1080603$$ 1082001, 9$$ 1600, 77060316, 0, 0, 根骨+5    力道+3<br>格挡+1%    气血+100, 
70101, 701, 1, 0, 0, 0, 0, 0, 200000, 1080701$$ 1082001, 1$$ 20, 77070101, 0, 0, 洞察+5    气劲+3, 
70102, 701, 2, 0, 0, 0, 0, 0, 400000, 1080701$$ 1082001, 2$$ 40, 77070102, 0, 0, 洞察+5    气劲+3, 
70103, 701, 3, 0, 0, 0, 0, 0, 600000, 1080701$$ 1082001, 2$$ 80, 77070103, 0, 0, 洞察+5    气劲+3, 
70104, 701, 4, 0, 0, 0, 0, 0, 800000, 1080701$$ 1082001, 3$$ 140, 77070104, 0, 0, 洞察+5    气劲+3<br>外功攻击+10    命中+1%, 
70105, 701, 5, 0, 0, 0, 0, 0, 1000000, 1080701$$ 1082001, 3$$ 200, 77070105, 0, 0, 洞察+5    气劲+3, 
70106, 701, 6, 0, 0, 0, 0, 0, 1200000, 1080701$$ 1082001, 4$$ 280, 77070106, 0, 0, 洞察+5    气劲+3, 
70107, 701, 7, 0, 0, 0, 0, 0, 1400000, 1080701$$ 1082001, 4$$ 360, 77070107, 0, 0, 洞察+5    气劲+3, 
70108, 701, 8, 0, 0, 0, 0, 0, 1600000, 1080701$$ 1082001, 5$$ 460, 77070108, 0, 0, 洞察+5    气劲+3<br>外功攻击+10    命中+1%, 
70109, 701, 9, 0, 0, 0, 0, 0, 1800000, 1080701$$ 1082001, 5$$ 560, 77070109, 0, 0, 洞察+5    气劲+3, 
70110, 701, 10, 0, 0, 0, 0, 0, 2000000, 1080701$$ 1082001, 6$$ 680, 77070110, 0, 0, 洞察+5    气劲+3, 
70111, 701, 11, 0, 0, 0, 0, 0, 2200000, 1080701$$ 1082001, 6$$ 800, 77070111, 0, 0, 洞察+5    气劲+3, 
70112, 701, 12, 0, 0, 0, 0, 0, 2400000, 1080701$$ 1082001, 7$$ 940, 77070112, 0, 0, 洞察+5    气劲+3<br>外功攻击+10    命中+1%, 
70113, 701, 13, 0, 0, 0, 0, 0, 2600000, 1080701$$ 1082001, 7$$ 1080, 77070113, 0, 0, 洞察+5    气劲+3, 
70114, 701, 14, 0, 0, 0, 0, 0, 2800000, 1080701$$ 1082001, 8$$ 1240, 77070114, 0, 0, 洞察+5    气劲+3, 
70115, 701, 15, 0, 0, 0, 0, 0, 3000000, 1080701$$ 1082001, 8$$ 1400, 77070115, 0, 0, 洞察+5    气劲+3, 
70116, 701, 16, 0, 0, 0, 0, 0, 3200000, 1080701$$ 1082001, 9$$ 1600, 77070116, 0, 0, 洞察+5    气劲+3<br>外功攻击+10    命中+1%, 
70201, 702, 1, 0, 0, 0, 0, 0, 200000, 1080702$$ 1082001, 1$$ 20, 77070201, 0, 0, 力道+5    气劲+3, 
70202, 702, 2, 0, 0, 0, 0, 0, 400000, 1080702$$ 1082001, 2$$ 40, 77070202, 0, 0, 力道+5    气劲+3, 
70203, 702, 3, 0, 0, 0, 0, 0, 600000, 1080702$$ 1082001, 2$$ 80, 77070203, 0, 0, 力道+5    气劲+3, 
70204, 702, 4, 0, 0, 0, 0, 0, 800000, 1080702$$ 1082001, 3$$ 140, 77070204, 0, 0, 力道+5    气劲+3<br>内功攻击+5    会心+0.7%, 
70205, 702, 5, 0, 0, 0, 0, 0, 1000000, 1080702$$ 1082001, 3$$ 200, 77070205, 0, 0, 力道+5    气劲+3, 
70206, 702, 6, 0, 0, 0, 0, 0, 1200000, 1080702$$ 1082001, 4$$ 280, 77070206, 0, 0, 力道+5    气劲+3, 
70207, 702, 7, 0, 0, 0, 0, 0, 1400000, 1080702$$ 1082001, 4$$ 360, 77070207, 0, 0, 力道+5    气劲+3, 
70208, 702, 8, 0, 0, 0, 0, 0, 1600000, 1080702$$ 1082001, 5$$ 460, 77070208, 0, 0, 力道+5    气劲+3<br>内功攻击+5    会心+0.7%, 
70209, 702, 9, 0, 0, 0, 0, 0, 1800000, 1080702$$ 1082001, 5$$ 560, 77070209, 0, 0, 力道+5    气劲+3, 
70210, 702, 10, 0, 0, 0, 0, 0, 2000000, 1080702$$ 1082001, 6$$ 680, 77070210, 0, 0, 力道+5    气劲+3, 
70211, 702, 11, 0, 0, 0, 0, 0, 2200000, 1080702$$ 1082001, 6$$ 800, 77070211, 0, 0, 力道+5    气劲+3, 
70212, 702, 12, 0, 0, 0, 0, 0, 2400000, 1080702$$ 1082001, 7$$ 940, 77070212, 0, 0, 力道+5    气劲+3<br>内功攻击+5    会心+0.7%, 
70213, 702, 13, 0, 0, 0, 0, 0, 2600000, 1080702$$ 1082001, 7$$ 1080, 77070213, 0, 0, 力道+5    气劲+3, 
70214, 702, 14, 0, 0, 0, 0, 0, 2800000, 1080702$$ 1082001, 8$$ 1240, 77070214, 0, 0, 力道+5    气劲+3, 
70215, 702, 15, 0, 0, 0, 0, 0, 3000000, 1080702$$ 1082001, 8$$ 1400, 77070215, 0, 0, 力道+5    气劲+3, 
70216, 702, 16, 0, 0, 0, 0, 0, 3200000, 1080702$$ 1082001, 9$$ 1600, 77070216, 0, 0, 力道+5    气劲+3<br>内功攻击+5    会心+0.7%, 
70301, 703, 1, 0, 0, 0, 0, 0, 200000, 1080703$$ 1082001, 1$$ 20, 77070301, 0, 0, 洞察+6    气劲+2, 
70302, 703, 2, 0, 0, 0, 0, 0, 400000, 1080703$$ 1082001, 2$$ 40, 77070302, 0, 0, 洞察+6    气劲+2, 
70303, 703, 3, 0, 0, 0, 0, 0, 600000, 1080703$$ 1082001, 2$$ 80, 77070303, 0, 0, 洞察+6    气劲+2, 
70304, 703, 4, 0, 0, 0, 0, 0, 800000, 1080703$$ 1082001, 3$$ 140, 77070304, 0, 0, 洞察+6    气劲+2<br>命中+2%    会心伤害+1.2%, 
70305, 703, 5, 0, 0, 0, 0, 0, 1000000, 1080703$$ 1082001, 3$$ 200, 77070305, 0, 0, 洞察+6    气劲+2, 
70306, 703, 6, 0, 0, 0, 0, 0, 1200000, 1080703$$ 1082001, 4$$ 280, 77070306, 0, 0, 洞察+6    气劲+2, 
70307, 703, 7, 0, 0, 0, 0, 0, 1400000, 1080703$$ 1082001, 4$$ 360, 77070307, 0, 0, 洞察+6    气劲+2, 
70308, 703, 8, 0, 0, 0, 0, 0, 1600000, 1080703$$ 1082001, 5$$ 460, 77070308, 0, 0, 洞察+6    气劲+2<br>命中+2%    会心伤害+1.2%, 
70309, 703, 9, 0, 0, 0, 0, 0, 1800000, 1080703$$ 1082001, 5$$ 560, 77070309, 0, 0, 洞察+6    气劲+2, 
70310, 703, 10, 0, 0, 0, 0, 0, 2000000, 1080703$$ 1082001, 6$$ 680, 77070310, 0, 0, 洞察+6    气劲+2, 
70311, 703, 11, 0, 0, 0, 0, 0, 2200000, 1080703$$ 1082001, 6$$ 800, 77070311, 0, 0, 洞察+6    气劲+2, 
70312, 703, 12, 0, 0, 0, 0, 0, 2400000, 1080703$$ 1082001, 7$$ 940, 77070312, 0, 0, 洞察+6    气劲+2<br>命中+2%    会心伤害+1.2%, 
70313, 703, 13, 0, 0, 0, 0, 0, 2600000, 1080703$$ 1082001, 7$$ 1080, 77070313, 0, 0, 洞察+6    气劲+2, 
70314, 703, 14, 0, 0, 0, 0, 0, 2800000, 1080703$$ 1082001, 8$$ 1240, 77070314, 0, 0, 洞察+6    气劲+2, 
70315, 703, 15, 0, 0, 0, 0, 0, 3000000, 1080703$$ 1082001, 8$$ 1400, 77070315, 0, 0, 洞察+6    气劲+2, 
70316, 703, 16, 0, 0, 0, 0, 0, 3200000, 1080703$$ 1082001, 9$$ 1600, 77070316, 0, 0, 洞察+6    气劲+2<br>命中+2%    会心伤害+1.2%, 
80101, 801, 1, 0, 0, 0, 0, 0, 200000, 1080801$$ 1082001, 1$$ 20, 77080101, 0, 0, 洞察+5    根骨+3, 
80102, 801, 2, 0, 0, 0, 0, 0, 400000, 1080801$$ 1082001, 2$$ 40, 77080102, 0, 0, 洞察+5    根骨+3, 
80103, 801, 3, 0, 0, 0, 0, 0, 600000, 1080801$$ 1082001, 2$$ 80, 77080103, 0, 0, 洞察+5    根骨+3, 
80104, 801, 4, 0, 0, 0, 0, 0, 800000, 1080801$$ 1082001, 3$$ 140, 77080104, 0, 0, 洞察+5    根骨+3<br>外功攻击+5    会心+1%, 
80105, 801, 5, 0, 0, 0, 0, 0, 1000000, 1080801$$ 1082001, 3$$ 200, 77080105, 0, 0, 洞察+5    根骨+3, 
80106, 801, 6, 0, 0, 0, 0, 0, 1200000, 1080801$$ 1082001, 4$$ 280, 77080106, 0, 0, 洞察+5    根骨+3, 
80107, 801, 7, 0, 0, 0, 0, 0, 1400000, 1080801$$ 1082001, 4$$ 360, 77080107, 0, 0, 洞察+5    根骨+3, 
80108, 801, 8, 0, 0, 0, 0, 0, 1600000, 1080801$$ 1082001, 5$$ 460, 77080108, 0, 0, 洞察+5    根骨+3<br>外功攻击+5    会心+1%, 
80109, 801, 9, 0, 0, 0, 0, 0, 1800000, 1080801$$ 1082001, 5$$ 560, 77080109, 0, 0, 洞察+5    根骨+3, 
80110, 801, 10, 0, 0, 0, 0, 0, 2000000, 1080801$$ 1082001, 6$$ 680, 77080110, 0, 0, 洞察+5    根骨+3, 
80111, 801, 11, 0, 0, 0, 0, 0, 2200000, 1080801$$ 1082001, 6$$ 800, 77080111, 0, 0, 洞察+5    根骨+3, 
80112, 801, 12, 0, 0, 0, 0, 0, 2400000, 1080801$$ 1082001, 7$$ 940, 77080112, 0, 0, 洞察+5    根骨+3<br>外功攻击+5    会心+1%, 
80113, 801, 13, 0, 0, 0, 0, 0, 2600000, 1080801$$ 1082001, 7$$ 1080, 77080113, 0, 0, 洞察+5    根骨+3, 
80114, 801, 14, 0, 0, 0, 0, 0, 2800000, 1080801$$ 1082001, 8$$ 1240, 77080114, 0, 0, 洞察+5    根骨+3, 
80115, 801, 15, 0, 0, 0, 0, 0, 3000000, 1080801$$ 1082001, 8$$ 1400, 77080115, 0, 0, 洞察+5    根骨+3, 
80116, 801, 16, 0, 0, 0, 0, 0, 3200000, 1080801$$ 1082001, 9$$ 1600, 77080116, 0, 0, 洞察+5    根骨+3<br>外功攻击+5    会心+1%, 
80201, 802, 1, 0, 0, 0, 0, 0, 200000, 1080802$$ 1082001, 1$$ 20, 77080201, 0, 0, 力道+6    气劲+2, 
80202, 802, 2, 0, 0, 0, 0, 0, 400000, 1080802$$ 1082001, 2$$ 40, 77080202, 0, 0, 力道+6    气劲+2, 
80203, 802, 3, 0, 0, 0, 0, 0, 600000, 1080802$$ 1082001, 2$$ 80, 77080203, 0, 0, 力道+6    气劲+2, 
80204, 802, 4, 0, 0, 0, 0, 0, 800000, 1080802$$ 1082001, 3$$ 140, 77080204, 0, 0, 力道+6    气劲+2<br>外功攻击+7    内功攻击+5, 
80205, 802, 5, 0, 0, 0, 0, 0, 1000000, 1080802$$ 1082001, 3$$ 200, 77080205, 0, 0, 力道+6    气劲+2, 
80206, 802, 6, 0, 0, 0, 0, 0, 1200000, 1080802$$ 1082001, 4$$ 280, 77080206, 0, 0, 力道+6    气劲+2, 
80207, 802, 7, 0, 0, 0, 0, 0, 1400000, 1080802$$ 1082001, 4$$ 360, 77080207, 0, 0, 力道+6    气劲+2, 
80208, 802, 8, 0, 0, 0, 0, 0, 1600000, 1080802$$ 1082001, 5$$ 460, 77080208, 0, 0, 力道+6    气劲+2<br>外功攻击+7    内功攻击+5, 
80209, 802, 9, 0, 0, 0, 0, 0, 1800000, 1080802$$ 1082001, 5$$ 560, 77080209, 0, 0, 力道+6    气劲+2, 
80210, 802, 10, 0, 0, 0, 0, 0, 2000000, 1080802$$ 1082001, 6$$ 680, 77080210, 0, 0, 力道+6    气劲+2, 
80211, 802, 11, 0, 0, 0, 0, 0, 2200000, 1080802$$ 1082001, 6$$ 800, 77080211, 0, 0, 力道+6    气劲+2, 
80212, 802, 12, 0, 0, 0, 0, 0, 2400000, 1080802$$ 1082001, 7$$ 940, 77080212, 0, 0, 力道+6    气劲+2<br>外功攻击+7    内功攻击+5, 
80213, 802, 13, 0, 0, 0, 0, 0, 2600000, 1080802$$ 1082001, 7$$ 1080, 77080213, 0, 0, 力道+6    气劲+2, 
80214, 802, 14, 0, 0, 0, 0, 0, 2800000, 1080802$$ 1082001, 8$$ 1240, 77080214, 0, 0, 力道+6    气劲+2, 
80215, 802, 15, 0, 0, 0, 0, 0, 3000000, 1080802$$ 1082001, 8$$ 1400, 77080215, 0, 0, 力道+6    气劲+2, 
80216, 802, 16, 0, 0, 0, 0, 0, 3200000, 1080802$$ 1082001, 9$$ 1600, 77080216, 0, 0, 力道+6    气劲+2<br>外功攻击+7    内功攻击+5, 
80301, 803, 1, 0, 0, 0, 0, 0, 200000, 1080803$$ 1082001, 1$$ 20, 77080301, 0, 0, 气劲+5    洞察+3, 
80302, 803, 2, 0, 0, 0, 0, 0, 400000, 1080803$$ 1082001, 2$$ 40, 77080302, 0, 0, 气劲+5    洞察+3, 
80303, 803, 3, 0, 0, 0, 0, 0, 600000, 1080803$$ 1082001, 2$$ 80, 77080303, 0, 0, 气劲+5    洞察+3, 
80304, 803, 4, 0, 0, 0, 0, 0, 800000, 1080803$$ 1082001, 3$$ 140, 77080304, 0, 0, 气劲+5    洞察+3<br>内功攻击+6    会心伤害+1.5%, 
80305, 803, 5, 0, 0, 0, 0, 0, 1000000, 1080803$$ 1082001, 3$$ 200, 77080305, 0, 0, 气劲+5    洞察+3, 
80306, 803, 6, 0, 0, 0, 0, 0, 1200000, 1080803$$ 1082001, 4$$ 280, 77080306, 0, 0, 气劲+5    洞察+3, 
80307, 803, 7, 0, 0, 0, 0, 0, 1400000, 1080803$$ 1082001, 4$$ 360, 77080307, 0, 0, 气劲+5    洞察+3, 
80308, 803, 8, 0, 0, 0, 0, 0, 1600000, 1080803$$ 1082001, 5$$ 460, 77080308, 0, 0, 气劲+5    洞察+3<br>内功攻击+6    会心伤害+1.5%, 
80309, 803, 9, 0, 0, 0, 0, 0, 1800000, 1080803$$ 1082001, 5$$ 560, 77080309, 0, 0, 气劲+5    洞察+3, 
80310, 803, 10, 0, 0, 0, 0, 0, 2000000, 1080803$$ 1082001, 6$$ 680, 77080310, 0, 0, 气劲+5    洞察+3, 
80311, 803, 11, 0, 0, 0, 0, 0, 2200000, 1080803$$ 1082001, 6$$ 800, 77080311, 0, 0, 气劲+5    洞察+3, 
80312, 803, 12, 0, 0, 0, 0, 0, 2400000, 1080803$$ 1082001, 7$$ 940, 77080312, 0, 0, 气劲+5    洞察+3<br>内功攻击+6    会心伤害+1.5%, 
80313, 803, 13, 0, 0, 0, 0, 0, 2600000, 1080803$$ 1082001, 7$$ 1080, 77080313, 0, 0, 气劲+5    洞察+3, 
80314, 803, 14, 0, 0, 0, 0, 0, 2800000, 1080803$$ 1082001, 8$$ 1240, 77080314, 0, 0, 气劲+5    洞察+3, 
80315, 803, 15, 0, 0, 0, 0, 0, 3000000, 1080803$$ 1082001, 8$$ 1400, 77080315, 0, 0, 气劲+5    洞察+3, 
80316, 803, 16, 0, 0, 0, 0, 0, 3200000, 1080803$$ 1082001, 9$$ 1600, 77080316, 0, 0, 气劲+5    洞察+3<br>内功攻击+6    会心伤害+1.5%, 
90101, 901, 1, 0, 0, 0, 0, 0, 200000, 1080901$$ 1082001, 1$$ 20, 77090101, 0, 0, 身法+4    根骨+4, 
90102, 901, 2, 0, 0, 0, 0, 0, 400000, 1080901$$ 1082001, 2$$ 40, 77090102, 0, 0, 身法+4    根骨+4, 
90103, 901, 3, 0, 0, 0, 0, 0, 600000, 1080901$$ 1082001, 2$$ 80, 77090103, 0, 0, 身法+4    根骨+4, 
90104, 901, 4, 0, 0, 0, 0, 0, 800000, 1080901$$ 1082001, 3$$ 140, 77090104, 0, 0, 身法+4    根骨+4<br>气血+100    格挡+1%, 
90105, 901, 5, 0, 0, 0, 0, 0, 1000000, 1080901$$ 1082001, 3$$ 200, 77090105, 0, 0, 身法+4    根骨+4, 
90106, 901, 6, 0, 0, 0, 0, 0, 1200000, 1080901$$ 1082001, 4$$ 280, 77090106, 0, 0, 身法+4    根骨+4, 
90107, 901, 7, 0, 0, 0, 0, 0, 1400000, 1080901$$ 1082001, 4$$ 360, 77090107, 0, 0, 身法+4    根骨+4, 
90108, 901, 8, 0, 0, 0, 0, 0, 1600000, 1080901$$ 1082001, 5$$ 460, 77090108, 0, 0, 身法+4    根骨+4<br>气血+100    格挡+1%, 
90109, 901, 9, 0, 0, 0, 0, 0, 1800000, 1080901$$ 1082001, 5$$ 560, 77090109, 0, 0, 身法+4    根骨+4, 
90110, 901, 10, 0, 0, 0, 0, 0, 2000000, 1080901$$ 1082001, 6$$ 680, 77090110, 0, 0, 身法+4    根骨+4, 
90111, 901, 11, 0, 0, 0, 0, 0, 2200000, 1080901$$ 1082001, 6$$ 800, 77090111, 0, 0, 身法+4    根骨+4, 
90112, 901, 12, 0, 0, 0, 0, 0, 2400000, 1080901$$ 1082001, 7$$ 940, 77090112, 0, 0, 身法+4    根骨+4<br>气血+100    格挡+1%, 
90113, 901, 13, 0, 0, 0, 0, 0, 2600000, 1080901$$ 1082001, 7$$ 1080, 77090113, 0, 0, 身法+4    根骨+4, 
90114, 901, 14, 0, 0, 0, 0, 0, 2800000, 1080901$$ 1082001, 8$$ 1240, 77090114, 0, 0, 身法+4    根骨+4, 
90115, 901, 15, 0, 0, 0, 0, 0, 3000000, 1080901$$ 1082001, 8$$ 1400, 77090115, 0, 0, 身法+4    根骨+4, 
90116, 901, 16, 0, 0, 0, 0, 0, 3200000, 1080901$$ 1082001, 9$$ 1600, 77090116, 0, 0, 身法+4    根骨+4<br>气血+100    格挡+1%, 
90201, 902, 1, 0, 0, 0, 0, 0, 200000, 1080902$$ 1082001, 1$$ 20, 77090201, 0, 0, 气劲+5    力道+3, 
90202, 902, 2, 0, 0, 0, 0, 0, 400000, 1080902$$ 1082001, 2$$ 40, 77090202, 0, 0, 气劲+5    力道+3, 
90203, 902, 3, 0, 0, 0, 0, 0, 600000, 1080902$$ 1082001, 2$$ 80, 77090203, 0, 0, 气劲+5    力道+3, 
90204, 902, 4, 0, 0, 0, 0, 0, 800000, 1080902$$ 1082001, 3$$ 140, 77090204, 0, 0, 气劲+5    力道+3<br>外功防御+20    内功防御+10, 
90205, 902, 5, 0, 0, 0, 0, 0, 1000000, 1080902$$ 1082001, 3$$ 200, 77090205, 0, 0, 气劲+5    力道+3, 
90206, 902, 6, 0, 0, 0, 0, 0, 1200000, 1080902$$ 1082001, 4$$ 280, 77090206, 0, 0, 气劲+5    力道+3, 
90207, 902, 7, 0, 0, 0, 0, 0, 1400000, 1080902$$ 1082001, 4$$ 360, 77090207, 0, 0, 气劲+5    力道+3, 
90208, 902, 8, 0, 0, 0, 0, 0, 1600000, 1080902$$ 1082001, 5$$ 460, 77090208, 0, 0, 气劲+5    力道+3<br>外功防御+20    内功防御+10, 
90209, 902, 9, 0, 0, 0, 0, 0, 1800000, 1080902$$ 1082001, 5$$ 560, 77090209, 0, 0, 气劲+5    力道+3, 
90210, 902, 10, 0, 0, 0, 0, 0, 2000000, 1080902$$ 1082001, 6$$ 680, 77090210, 0, 0, 气劲+5    力道+3, 
90211, 902, 11, 0, 0, 0, 0, 0, 2200000, 1080902$$ 1082001, 6$$ 800, 77090211, 0, 0, 气劲+5    力道+3, 
90212, 902, 12, 0, 0, 0, 0, 0, 2400000, 1080902$$ 1082001, 7$$ 940, 77090212, 0, 0, 气劲+5    力道+3<br>外功防御+20    内功防御+10, 
90213, 902, 13, 0, 0, 0, 0, 0, 2600000, 1080902$$ 1082001, 7$$ 1080, 77090213, 0, 0, 气劲+5    力道+3, 
90214, 902, 14, 0, 0, 0, 0, 0, 2800000, 1080902$$ 1082001, 8$$ 1240, 77090214, 0, 0, 气劲+5    力道+3, 
90215, 902, 15, 0, 0, 0, 0, 0, 3000000, 1080902$$ 1082001, 8$$ 1400, 77090215, 0, 0, 气劲+5    力道+3, 
90216, 902, 16, 0, 0, 0, 0, 0, 3200000, 1080902$$ 1082001, 9$$ 1600, 77090216, 0, 0, 气劲+5    力道+3<br>外功防御+20    内功防御+10, 
90301, 903, 1, 0, 0, 0, 0, 0, 200000, 1080903$$ 1082001, 1$$ 20, 77090301, 0, 0, 身法+4    根骨+4, 
90302, 903, 2, 0, 0, 0, 0, 0, 400000, 1080903$$ 1082001, 2$$ 40, 77090302, 0, 0, 身法+4    根骨+4, 
90303, 903, 3, 0, 0, 0, 0, 0, 600000, 1080903$$ 1082001, 2$$ 80, 77090303, 0, 0, 身法+4    根骨+4, 
90304, 903, 4, 0, 0, 0, 0, 0, 800000, 1080903$$ 1082001, 3$$ 140, 77090304, 0, 0, 身法+4    根骨+4<br>气血+110    韧劲+0.5%, 
90305, 903, 5, 0, 0, 0, 0, 0, 1000000, 1080903$$ 1082001, 3$$ 200, 77090305, 0, 0, 身法+4    根骨+4, 
90306, 903, 6, 0, 0, 0, 0, 0, 1200000, 1080903$$ 1082001, 4$$ 280, 77090306, 0, 0, 身法+4    根骨+4, 
90307, 903, 7, 0, 0, 0, 0, 0, 1400000, 1080903$$ 1082001, 4$$ 360, 77090307, 0, 0, 身法+4    根骨+4, 
90308, 903, 8, 0, 0, 0, 0, 0, 1600000, 1080903$$ 1082001, 5$$ 460, 77090308, 0, 0, 身法+4    根骨+4<br>气血+110    韧劲+0.5%, 
90309, 903, 9, 0, 0, 0, 0, 0, 1800000, 1080903$$ 1082001, 5$$ 560, 77090309, 0, 0, 身法+4    根骨+4, 
90310, 903, 10, 0, 0, 0, 0, 0, 2000000, 1080903$$ 1082001, 6$$ 680, 77090310, 0, 0, 身法+4    根骨+4, 
90311, 903, 11, 0, 0, 0, 0, 0, 2200000, 1080903$$ 1082001, 6$$ 800, 77090311, 0, 0, 身法+4    根骨+4, 
90312, 903, 12, 0, 0, 0, 0, 0, 2400000, 1080903$$ 1082001, 7$$ 940, 77090312, 0, 0, 身法+4    根骨+4<br>气血+110    韧劲+0.5%, 
90313, 903, 13, 0, 0, 0, 0, 0, 2600000, 1080903$$ 1082001, 7$$ 1080, 77090313, 0, 0, 身法+4    根骨+4, 
90314, 903, 14, 0, 0, 0, 0, 0, 2800000, 1080903$$ 1082001, 8$$ 1240, 77090314, 0, 0, 身法+4    根骨+4, 
90315, 903, 15, 0, 0, 0, 0, 0, 3000000, 1080903$$ 1082001, 8$$ 1400, 77090315, 0, 0, 身法+4    根骨+4, 
90316, 903, 16, 0, 0, 0, 0, 0, 3200000, 1080903$$ 1082001, 9$$ 1600, 77090316, 0, 0, 身法+4    根骨+4<br>气血+110    韧劲+0.5%, 
100101, 1001, 1, 0, 0, 0, 0, 0, 200000, 1081001$$ 1082001, 1$$ 20, 77100101, 0, 0, 洞察+8    身法+2, 
100102, 1001, 2, 0, 0, 0, 0, 0, 400000, 1081001$$ 1082001, 2$$ 40, 77100102, 0, 0, 洞察+8    身法+2, 
100103, 1001, 3, 0, 0, 0, 0, 0, 600000, 1081001$$ 1082001, 2$$ 80, 77100103, 0, 0, 洞察+8    身法+2, 
100104, 1001, 4, 0, 0, 0, 0, 0, 800000, 1081001$$ 1082001, 3$$ 140, 77100104, 0, 0, 洞察+8    身法+2<br>命中+1.5%    会心+1%, 
100105, 1001, 5, 0, 0, 0, 0, 0, 1000000, 1081001$$ 1082001, 3$$ 200, 77100105, 0, 0, 洞察+8    身法+2, 
100106, 1001, 6, 0, 0, 0, 0, 0, 1200000, 1081001$$ 1082001, 4$$ 280, 77100106, 0, 0, 洞察+8    身法+2, 
100107, 1001, 7, 0, 0, 0, 0, 0, 1400000, 1081001$$ 1082001, 4$$ 360, 77100107, 0, 0, 洞察+8    身法+2, 
100108, 1001, 8, 0, 0, 0, 0, 0, 1600000, 1081001$$ 1082001, 5$$ 460, 77100108, 0, 0, 洞察+8    身法+2<br>命中+1.5%    会心+1%, 
100109, 1001, 9, 0, 0, 0, 0, 0, 1800000, 1081001$$ 1082001, 5$$ 560, 77100109, 0, 0, 洞察+8    身法+2, 
100110, 1001, 10, 0, 0, 0, 0, 0, 2000000, 1081001$$ 1082001, 6$$ 680, 77100110, 0, 0, 洞察+8    身法+2, 
100111, 1001, 11, 0, 0, 0, 0, 0, 2200000, 1081001$$ 1082001, 6$$ 800, 77100111, 0, 0, 洞察+8    身法+2, 
100112, 1001, 12, 0, 0, 0, 0, 0, 2400000, 1081001$$ 1082001, 7$$ 940, 77100112, 0, 0, 洞察+8    身法+2<br>命中+1.5%    会心+1%, 
100113, 1001, 13, 0, 0, 0, 0, 0, 2600000, 1081001$$ 1082001, 7$$ 1080, 77100113, 0, 0, 洞察+8    身法+2, 
100114, 1001, 14, 0, 0, 0, 0, 0, 2800000, 1081001$$ 1082001, 8$$ 1240, 77100114, 0, 0, 洞察+8    身法+2, 
100115, 1001, 15, 0, 0, 0, 0, 0, 3000000, 1081001$$ 1082001, 8$$ 1400, 77100115, 0, 0, 洞察+8    身法+2, 
100116, 1001, 16, 0, 0, 0, 0, 0, 3200000, 1081001$$ 1082001, 9$$ 1600, 77100116, 0, 0, 洞察+8    身法+2<br>命中+1.5%    会心+1%, 
100201, 1002, 1, 0, 0, 0, 0, 0, 200000, 1081002$$ 1082001, 1$$ 20, 77100201, 0, 0, 根骨+7    气劲+3, 
100202, 1002, 2, 0, 0, 0, 0, 0, 400000, 1081002$$ 1082001, 2$$ 40, 77100202, 0, 0, 根骨+7    气劲+3, 
100203, 1002, 3, 0, 0, 0, 0, 0, 600000, 1081002$$ 1082001, 2$$ 80, 77100203, 0, 0, 根骨+7    气劲+3, 
100204, 1002, 4, 0, 0, 0, 0, 0, 800000, 1081002$$ 1082001, 3$$ 140, 77100204, 0, 0, 根骨+7    气劲+3<br>会心+1%    会心伤害+2%, 
100205, 1002, 5, 0, 0, 0, 0, 0, 1000000, 1081002$$ 1082001, 3$$ 200, 77100205, 0, 0, 根骨+7    气劲+3, 
100206, 1002, 6, 0, 0, 0, 0, 0, 1200000, 1081002$$ 1082001, 4$$ 280, 77100206, 0, 0, 根骨+7    气劲+3, 
100207, 1002, 7, 0, 0, 0, 0, 0, 1400000, 1081002$$ 1082001, 4$$ 360, 77100207, 0, 0, 根骨+7    气劲+3, 
100208, 1002, 8, 0, 0, 0, 0, 0, 1600000, 1081002$$ 1082001, 5$$ 460, 77100208, 0, 0, 根骨+7    气劲+3<br>会心+1%    会心伤害+2%, 
100209, 1002, 9, 0, 0, 0, 0, 0, 1800000, 1081002$$ 1082001, 5$$ 560, 77100209, 0, 0, 根骨+7    气劲+3, 
100210, 1002, 10, 0, 0, 0, 0, 0, 2000000, 1081002$$ 1082001, 6$$ 680, 77100210, 0, 0, 根骨+7    气劲+3, 
100211, 1002, 11, 0, 0, 0, 0, 0, 2200000, 1081002$$ 1082001, 6$$ 800, 77100211, 0, 0, 根骨+7    气劲+3, 
100212, 1002, 12, 0, 0, 0, 0, 0, 2400000, 1081002$$ 1082001, 7$$ 940, 77100212, 0, 0, 根骨+7    气劲+3<br>会心+1%    会心伤害+2%, 
100213, 1002, 13, 0, 0, 0, 0, 0, 2600000, 1081002$$ 1082001, 7$$ 1080, 77100213, 0, 0, 根骨+7    气劲+3, 
100214, 1002, 14, 0, 0, 0, 0, 0, 2800000, 1081002$$ 1082001, 8$$ 1240, 77100214, 0, 0, 根骨+7    气劲+3, 
100215, 1002, 15, 0, 0, 0, 0, 0, 3000000, 1081002$$ 1082001, 8$$ 1400, 77100215, 0, 0, 根骨+7    气劲+3, 
100216, 1002, 16, 0, 0, 0, 0, 0, 3200000, 1081002$$ 1082001, 9$$ 1600, 77100216, 0, 0, 根骨+7    气劲+3<br>会心+1%    会心伤害+2%, 
100301, 1003, 1, 0, 0, 0, 0, 0, 200000, 1081003$$ 1082001, 1$$ 20, 77100301, 0, 0, 力道+8    洞察+2, 
100302, 1003, 2, 0, 0, 0, 0, 0, 400000, 1081003$$ 1082001, 2$$ 40, 77100302, 0, 0, 力道+8    洞察+2, 
100303, 1003, 3, 0, 0, 0, 0, 0, 600000, 1081003$$ 1082001, 2$$ 80, 77100303, 0, 0, 力道+8    洞察+2, 
100304, 1003, 4, 0, 0, 0, 0, 0, 800000, 1081003$$ 1082001, 3$$ 140, 77100304, 0, 0, 力道+8    洞察+2<br>外功攻击+12    命中+1%, 
100305, 1003, 5, 0, 0, 0, 0, 0, 1000000, 1081003$$ 1082001, 3$$ 200, 77100305, 0, 0, 力道+8    洞察+2, 
100306, 1003, 6, 0, 0, 0, 0, 0, 1200000, 1081003$$ 1082001, 4$$ 280, 77100306, 0, 0, 力道+8    洞察+2, 
100307, 1003, 7, 0, 0, 0, 0, 0, 1400000, 1081003$$ 1082001, 4$$ 360, 77100307, 0, 0, 力道+8    洞察+2, 
100308, 1003, 8, 0, 0, 0, 0, 0, 1600000, 1081003$$ 1082001, 5$$ 460, 77100308, 0, 0, 力道+8    洞察+2<br>外功攻击+12    命中+1%, 
100309, 1003, 9, 0, 0, 0, 0, 0, 1800000, 1081003$$ 1082001, 5$$ 560, 77100309, 0, 0, 力道+8    洞察+2, 
100310, 1003, 10, 0, 0, 0, 0, 0, 2000000, 1081003$$ 1082001, 6$$ 680, 77100310, 0, 0, 力道+8    洞察+2, 
100311, 1003, 11, 0, 0, 0, 0, 0, 2200000, 1081003$$ 1082001, 6$$ 800, 77100311, 0, 0, 力道+8    洞察+2, 
100312, 1003, 12, 0, 0, 0, 0, 0, 2400000, 1081003$$ 1082001, 7$$ 940, 77100312, 0, 0, 力道+8    洞察+2<br>外功攻击+12    命中+1%, 
100313, 1003, 13, 0, 0, 0, 0, 0, 2600000, 1081003$$ 1082001, 7$$ 1080, 77100313, 0, 0, 力道+8    洞察+2, 
100314, 1003, 14, 0, 0, 0, 0, 0, 2800000, 1081003$$ 1082001, 8$$ 1240, 77100314, 0, 0, 力道+8    洞察+2, 
100315, 1003, 15, 0, 0, 0, 0, 0, 3000000, 1081003$$ 1082001, 8$$ 1400, 77100315, 0, 0, 力道+8    洞察+2, 
100316, 1003, 16, 0, 0, 0, 0, 0, 3200000, 1081003$$ 1082001, 9$$ 1600, 77100316, 0, 0, 力道+8    洞察+2<br>外功攻击+12    命中+1%, 
110101, 1101, 1, 0, 0, 0, 0, 0, 200000, 1081101$$ 1082001, 1$$ 20, 77110101, 0, 0, 身法+7    力道+3, 
110102, 1101, 2, 0, 0, 0, 0, 0, 400000, 1081101$$ 1082001, 2$$ 40, 77110102, 0, 0, 身法+7    力道+3, 
110103, 1101, 3, 0, 0, 0, 0, 0, 600000, 1081101$$ 1082001, 2$$ 80, 77110103, 0, 0, 身法+7    力道+3, 
110104, 1101, 4, 0, 0, 0, 0, 0, 800000, 1081101$$ 1082001, 3$$ 140, 77110104, 0, 0, 身法+7    力道+3<br>格挡+2%    韧劲+0.8%, 
110105, 1101, 5, 0, 0, 0, 0, 0, 1000000, 1081101$$ 1082001, 3$$ 200, 77110105, 0, 0, 身法+7    力道+3, 
110106, 1101, 6, 0, 0, 0, 0, 0, 1200000, 1081101$$ 1082001, 4$$ 280, 77110106, 0, 0, 身法+7    力道+3, 
110107, 1101, 7, 0, 0, 0, 0, 0, 1400000, 1081101$$ 1082001, 4$$ 360, 77110107, 0, 0, 身法+7    力道+3, 
110108, 1101, 8, 0, 0, 0, 0, 0, 1600000, 1081101$$ 1082001, 5$$ 460, 77110108, 0, 0, 身法+7    力道+3<br>格挡+2%    韧劲+0.8%, 
110109, 1101, 9, 0, 0, 0, 0, 0, 1800000, 1081101$$ 1082001, 5$$ 560, 77110109, 0, 0, 身法+7    力道+3, 
110110, 1101, 10, 0, 0, 0, 0, 0, 2000000, 1081101$$ 1082001, 6$$ 680, 77110110, 0, 0, 身法+7    力道+3, 
110111, 1101, 11, 0, 0, 0, 0, 0, 2200000, 1081101$$ 1082001, 6$$ 800, 77110111, 0, 0, 身法+7    力道+3, 
110112, 1101, 12, 0, 0, 0, 0, 0, 2400000, 1081101$$ 1082001, 7$$ 940, 77110112, 0, 0, 身法+7    力道+3<br>格挡+2%    韧劲+0.8%, 
110113, 1101, 13, 0, 0, 0, 0, 0, 2600000, 1081101$$ 1082001, 7$$ 1080, 77110113, 0, 0, 身法+7    力道+3, 
110114, 1101, 14, 0, 0, 0, 0, 0, 2800000, 1081101$$ 1082001, 8$$ 1240, 77110114, 0, 0, 身法+7    力道+3, 
110115, 1101, 15, 0, 0, 0, 0, 0, 3000000, 1081101$$ 1082001, 8$$ 1400, 77110115, 0, 0, 身法+7    力道+3, 
110116, 1101, 16, 0, 0, 0, 0, 0, 3200000, 1081101$$ 1082001, 9$$ 1600, 77110116, 0, 0, 身法+7    力道+3<br>格挡+2%    韧劲+0.8%, 
110201, 1102, 1, 0, 0, 0, 0, 0, 200000, 1081102$$ 1082001, 1$$ 20, 77110201, 0, 0, 根骨+8    气劲+2, 
110202, 1102, 2, 0, 0, 0, 0, 0, 400000, 1081102$$ 1082001, 2$$ 40, 77110202, 0, 0, 根骨+8    气劲+2, 
110203, 1102, 3, 0, 0, 0, 0, 0, 600000, 1081102$$ 1082001, 2$$ 80, 77110203, 0, 0, 根骨+8    气劲+2, 
110204, 1102, 4, 0, 0, 0, 0, 0, 800000, 1081102$$ 1082001, 3$$ 140, 77110204, 0, 0, 根骨+8    气劲+2<br>韧劲+1%    气血+90, 
110205, 1102, 5, 0, 0, 0, 0, 0, 1000000, 1081102$$ 1082001, 3$$ 200, 77110205, 0, 0, 根骨+8    气劲+2, 
110206, 1102, 6, 0, 0, 0, 0, 0, 1200000, 1081102$$ 1082001, 4$$ 280, 77110206, 0, 0, 根骨+8    气劲+2, 
110207, 1102, 7, 0, 0, 0, 0, 0, 1400000, 1081102$$ 1082001, 4$$ 360, 77110207, 0, 0, 根骨+8    气劲+2, 
110208, 1102, 8, 0, 0, 0, 0, 0, 1600000, 1081102$$ 1082001, 5$$ 460, 77110208, 0, 0, 根骨+8    气劲+2<br>韧劲+1%    气血+90, 
110209, 1102, 9, 0, 0, 0, 0, 0, 1800000, 1081102$$ 1082001, 5$$ 560, 77110209, 0, 0, 根骨+8    气劲+2, 
110210, 1102, 10, 0, 0, 0, 0, 0, 2000000, 1081102$$ 1082001, 6$$ 680, 77110210, 0, 0, 根骨+8    气劲+2, 
110211, 1102, 11, 0, 0, 0, 0, 0, 2200000, 1081102$$ 1082001, 6$$ 800, 77110211, 0, 0, 根骨+8    气劲+2, 
110212, 1102, 12, 0, 0, 0, 0, 0, 2400000, 1081102$$ 1082001, 7$$ 940, 77110212, 0, 0, 根骨+8    气劲+2<br>韧劲+1%    气血+90, 
110213, 1102, 13, 0, 0, 0, 0, 0, 2600000, 1081102$$ 1082001, 7$$ 1080, 77110213, 0, 0, 根骨+8    气劲+2, 
110214, 1102, 14, 0, 0, 0, 0, 0, 2800000, 1081102$$ 1082001, 8$$ 1240, 77110214, 0, 0, 根骨+8    气劲+2, 
110215, 1102, 15, 0, 0, 0, 0, 0, 3000000, 1081102$$ 1082001, 8$$ 1400, 77110215, 0, 0, 根骨+8    气劲+2, 
110216, 1102, 16, 0, 0, 0, 0, 0, 3200000, 1081102$$ 1082001, 9$$ 1600, 77110216, 0, 0, 根骨+8    气劲+2<br>韧劲+1%    气血+90, 
110301, 1103, 1, 0, 0, 0, 0, 0, 200000, 1081103$$ 1082001, 1$$ 20, 77110301, 0, 0, 气劲+6    身法+4, 
110302, 1103, 2, 0, 0, 0, 0, 0, 400000, 1081103$$ 1082001, 2$$ 40, 77110302, 0, 0, 气劲+6    身法+4, 
110303, 1103, 3, 0, 0, 0, 0, 0, 600000, 1081103$$ 1082001, 2$$ 80, 77110303, 0, 0, 气劲+6    身法+4, 
110304, 1103, 4, 0, 0, 0, 0, 0, 800000, 1081103$$ 1082001, 3$$ 140, 77110304, 0, 0, 气劲+6    身法+4<br>内功攻击+8    韧劲+0.5%, 
110305, 1103, 5, 0, 0, 0, 0, 0, 1000000, 1081103$$ 1082001, 3$$ 200, 77110305, 0, 0, 气劲+6    身法+4, 
110306, 1103, 6, 0, 0, 0, 0, 0, 1200000, 1081103$$ 1082001, 4$$ 280, 77110306, 0, 0, 气劲+6    身法+4, 
110307, 1103, 7, 0, 0, 0, 0, 0, 1400000, 1081103$$ 1082001, 4$$ 360, 77110307, 0, 0, 气劲+6    身法+4, 
110308, 1103, 8, 0, 0, 0, 0, 0, 1600000, 1081103$$ 1082001, 5$$ 460, 77110308, 0, 0, 气劲+6    身法+4<br>内功攻击+8    韧劲+0.5%, 
110309, 1103, 9, 0, 0, 0, 0, 0, 1800000, 1081103$$ 1082001, 5$$ 560, 77110309, 0, 0, 气劲+6    身法+4, 
110310, 1103, 10, 0, 0, 0, 0, 0, 2000000, 1081103$$ 1082001, 6$$ 680, 77110310, 0, 0, 气劲+6    身法+4, 
110311, 1103, 11, 0, 0, 0, 0, 0, 2200000, 1081103$$ 1082001, 6$$ 800, 77110311, 0, 0, 气劲+6    身法+4, 
110312, 1103, 12, 0, 0, 0, 0, 0, 2400000, 1081103$$ 1082001, 7$$ 940, 77110312, 0, 0, 气劲+6    身法+4<br>内功攻击+8    韧劲+0.5%, 
110313, 1103, 13, 0, 0, 0, 0, 0, 2600000, 1081103$$ 1082001, 7$$ 1080, 77110313, 0, 0, 气劲+6    身法+4, 
110314, 1103, 14, 0, 0, 0, 0, 0, 2800000, 1081103$$ 1082001, 8$$ 1240, 77110314, 0, 0, 气劲+6    身法+4, 
110315, 1103, 15, 0, 0, 0, 0, 0, 3000000, 1081103$$ 1082001, 8$$ 1400, 77110315, 0, 0, 气劲+6    身法+4, 
110316, 1103, 16, 0, 0, 0, 0, 0, 3200000, 1081103$$ 1082001, 9$$ 1600, 77110316, 0, 0, 气劲+6    身法+4<br>内功攻击+8    韧劲+0.5%, 
120101, 1201, 1, 0, 0, 0, 0, 0, 200000, 1081201$$ 1082001, 1$$ 20, 77120101, 0, 0, 力道+7    根骨+3, 
120102, 1201, 2, 0, 0, 0, 0, 0, 400000, 1081201$$ 1082001, 2$$ 40, 77120102, 0, 0, 力道+7    根骨+3, 
120103, 1201, 3, 0, 0, 0, 0, 0, 600000, 1081201$$ 1082001, 2$$ 80, 77120103, 0, 0, 力道+7    根骨+3, 
120104, 1201, 4, 0, 0, 0, 0, 0, 800000, 1081201$$ 1082001, 3$$ 140, 77120104, 0, 0, 力道+7    根骨+3<br>气血+100    外功攻击+8, 
120105, 1201, 5, 0, 0, 0, 0, 0, 1000000, 1081201$$ 1082001, 3$$ 200, 77120105, 0, 0, 力道+7    根骨+3, 
120106, 1201, 6, 0, 0, 0, 0, 0, 1200000, 1081201$$ 1082001, 4$$ 280, 77120106, 0, 0, 力道+7    根骨+3, 
120107, 1201, 7, 0, 0, 0, 0, 0, 1400000, 1081201$$ 1082001, 4$$ 360, 77120107, 0, 0, 力道+7    根骨+3, 
120108, 1201, 8, 0, 0, 0, 0, 0, 1600000, 1081201$$ 1082001, 5$$ 460, 77120108, 0, 0, 力道+7    根骨+3<br>气血+100    外功攻击+8, 
120109, 1201, 9, 0, 0, 0, 0, 0, 1800000, 1081201$$ 1082001, 5$$ 560, 77120109, 0, 0, 力道+7    根骨+3, 
120110, 1201, 10, 0, 0, 0, 0, 0, 2000000, 1081201$$ 1082001, 6$$ 680, 77120110, 0, 0, 力道+7    根骨+3, 
120111, 1201, 11, 0, 0, 0, 0, 0, 2200000, 1081201$$ 1082001, 6$$ 800, 77120111, 0, 0, 力道+7    根骨+3, 
120112, 1201, 12, 0, 0, 0, 0, 0, 2400000, 1081201$$ 1082001, 7$$ 940, 77120112, 0, 0, 力道+7    根骨+3<br>气血+100    外功攻击+8, 
120113, 1201, 13, 0, 0, 0, 0, 0, 2600000, 1081201$$ 1082001, 7$$ 1080, 77120113, 0, 0, 力道+7    根骨+3, 
120114, 1201, 14, 0, 0, 0, 0, 0, 2800000, 1081201$$ 1082001, 8$$ 1240, 77120114, 0, 0, 力道+7    根骨+3, 
120115, 1201, 15, 0, 0, 0, 0, 0, 3000000, 1081201$$ 1082001, 8$$ 1400, 77120115, 0, 0, 力道+7    根骨+3, 
120116, 1201, 16, 0, 0, 0, 0, 0, 3200000, 1081201$$ 1082001, 9$$ 1600, 77120116, 0, 0, 力道+7    根骨+3<br>气血+100    外功攻击+8, 
120201, 1202, 1, 0, 0, 0, 0, 0, 200000, 1081202$$ 1082001, 1$$ 20, 77120201, 0, 0, 气劲+7    洞察+3, 
120202, 1202, 2, 0, 0, 0, 0, 0, 400000, 1081202$$ 1082001, 2$$ 40, 77120202, 0, 0, 气劲+7    洞察+3, 
120203, 1202, 3, 0, 0, 0, 0, 0, 600000, 1081202$$ 1082001, 2$$ 80, 77120203, 0, 0, 气劲+7    洞察+3, 
120204, 1202, 4, 0, 0, 0, 0, 0, 800000, 1081202$$ 1082001, 3$$ 140, 77120204, 0, 0, 气劲+7    洞察+3<br>命中+1.5%    会心+1%, 
120205, 1202, 5, 0, 0, 0, 0, 0, 1000000, 1081202$$ 1082001, 3$$ 200, 77120205, 0, 0, 气劲+7    洞察+3, 
120206, 1202, 6, 0, 0, 0, 0, 0, 1200000, 1081202$$ 1082001, 4$$ 280, 77120206, 0, 0, 气劲+7    洞察+3, 
120207, 1202, 7, 0, 0, 0, 0, 0, 1400000, 1081202$$ 1082001, 4$$ 360, 77120207, 0, 0, 气劲+7    洞察+3, 
120208, 1202, 8, 0, 0, 0, 0, 0, 1600000, 1081202$$ 1082001, 5$$ 460, 77120208, 0, 0, 气劲+7    洞察+3<br>命中+1.5%    会心+1%, 
120209, 1202, 9, 0, 0, 0, 0, 0, 1800000, 1081202$$ 1082001, 5$$ 560, 77120209, 0, 0, 气劲+7    洞察+3, 
120210, 1202, 10, 0, 0, 0, 0, 0, 2000000, 1081202$$ 1082001, 6$$ 680, 77120210, 0, 0, 气劲+7    洞察+3, 
120211, 1202, 11, 0, 0, 0, 0, 0, 2200000, 1081202$$ 1082001, 6$$ 800, 77120211, 0, 0, 气劲+7    洞察+3, 
120212, 1202, 12, 0, 0, 0, 0, 0, 2400000, 1081202$$ 1082001, 7$$ 940, 77120212, 0, 0, 气劲+7    洞察+3<br>命中+1.5%    会心+1%, 
120213, 1202, 13, 0, 0, 0, 0, 0, 2600000, 1081202$$ 1082001, 7$$ 1080, 77120213, 0, 0, 气劲+7    洞察+3, 
120214, 1202, 14, 0, 0, 0, 0, 0, 2800000, 1081202$$ 1082001, 8$$ 1240, 77120214, 0, 0, 气劲+7    洞察+3, 
120215, 1202, 15, 0, 0, 0, 0, 0, 3000000, 1081202$$ 1082001, 8$$ 1400, 77120215, 0, 0, 气劲+7    洞察+3, 
120216, 1202, 16, 0, 0, 0, 0, 0, 3200000, 1081202$$ 1082001, 9$$ 1600, 77120216, 0, 0, 气劲+7    洞察+3<br>命中+1.5%    会心+1%, 
120301, 1203, 1, 0, 0, 0, 0, 0, 200000, 1081203$$ 1082001, 1$$ 20, 77120301, 0, 0, 洞察+5    身法+5, 
120302, 1203, 2, 0, 0, 0, 0, 0, 400000, 1081203$$ 1082001, 2$$ 40, 77120302, 0, 0, 洞察+5    身法+5, 
120303, 1203, 3, 0, 0, 0, 0, 0, 600000, 1081203$$ 1082001, 2$$ 80, 77120303, 0, 0, 洞察+5    身法+5, 
120304, 1203, 4, 0, 0, 0, 0, 0, 800000, 1081203$$ 1082001, 3$$ 140, 77120304, 0, 0, 洞察+5    身法+5<br>格挡+2%    韧劲+0.8%, 
120305, 1203, 5, 0, 0, 0, 0, 0, 1000000, 1081203$$ 1082001, 3$$ 200, 77120305, 0, 0, 洞察+5    身法+5, 
120306, 1203, 6, 0, 0, 0, 0, 0, 1200000, 1081203$$ 1082001, 4$$ 280, 77120306, 0, 0, 洞察+5    身法+5, 
120307, 1203, 7, 0, 0, 0, 0, 0, 1400000, 1081203$$ 1082001, 4$$ 360, 77120307, 0, 0, 洞察+5    身法+5, 
120308, 1203, 8, 0, 0, 0, 0, 0, 1600000, 1081203$$ 1082001, 5$$ 460, 77120308, 0, 0, 洞察+5    身法+5<br>格挡+2%    韧劲+0.8%, 
120309, 1203, 9, 0, 0, 0, 0, 0, 1800000, 1081203$$ 1082001, 5$$ 560, 77120309, 0, 0, 洞察+5    身法+5, 
120310, 1203, 10, 0, 0, 0, 0, 0, 2000000, 1081203$$ 1082001, 6$$ 680, 77120310, 0, 0, 洞察+5    身法+5, 
120311, 1203, 11, 0, 0, 0, 0, 0, 2200000, 1081203$$ 1082001, 6$$ 800, 77120311, 0, 0, 洞察+5    身法+5, 
120312, 1203, 12, 0, 0, 0, 0, 0, 2400000, 1081203$$ 1082001, 7$$ 940, 77120312, 0, 0, 洞察+5    身法+5<br>格挡+2%    韧劲+0.8%, 
120313, 1203, 13, 0, 0, 0, 0, 0, 2600000, 1081203$$ 1082001, 7$$ 1080, 77120313, 0, 0, 洞察+5    身法+5, 
120314, 1203, 14, 0, 0, 0, 0, 0, 2800000, 1081203$$ 1082001, 8$$ 1240, 77120314, 0, 0, 洞察+5    身法+5, 
120315, 1203, 15, 0, 0, 0, 0, 0, 3000000, 1081203$$ 1082001, 8$$ 1400, 77120315, 0, 0, 洞察+5    身法+5, 
120316, 1203, 16, 0, 0, 0, 0, 0, 3200000, 1081203$$ 1082001, 9$$ 1600, 77120316, 0, 0, 洞察+5    身法+5<br>格挡+2%    韧劲+0.8%, 
130101, 1301, 1, 0, 0, 0, 0, 0, 10000000, 1081301$$ 1082001, 2$$ 100, 77130101, 0, 0, 洞察+10    力道+2, 
130102, 1301, 2, 0, 0, 0, 0, 0, 12000000, 1081301$$ 1082001, 3$$ 200, 77130102, 0, 0, 洞察+10    力道+2, 
130103, 1301, 3, 0, 0, 0, 0, 0, 14000000, 1081301$$ 1082001, 4$$ 400, 77130103, 0, 0, 洞察+10    力道+2, 
130104, 1301, 4, 0, 0, 0, 0, 0, 16000000, 1081301$$ 1082001, 5$$ 700, 77130104, 0, 0, 洞察+10    力道+2<br>外功攻击+10    会心+1%, 
130105, 1301, 5, 0, 0, 0, 0, 0, 18000000, 1081301$$ 1082001, 6$$ 1000, 77130105, 0, 0, 洞察+10    力道+2, 
130106, 1301, 6, 0, 0, 0, 0, 0, 20000000, 1081301$$ 1082001, 7$$ 1400, 77130106, 0, 0, 洞察+10    力道+2, 
130107, 1301, 7, 0, 0, 0, 0, 0, 22000000, 1081301$$ 1082001, 8$$ 1800, 77130107, 0, 0, 洞察+10    力道+2, 
130108, 1301, 8, 0, 0, 0, 0, 0, 24000000, 1081301$$ 1082001, 9$$ 2300, 77130108, 0, 0, 洞察+10    力道+2<br>外功攻击+10    会心+1%, 
130109, 1301, 9, 0, 0, 0, 0, 0, 26000000, 1081301$$ 1082001, 10$$ 2800, 77130109, 0, 0, 洞察+10    力道+2, 
130110, 1301, 10, 0, 0, 0, 0, 0, 28000000, 1081301$$ 1082001, 11$$ 3400, 77130110, 0, 0, 洞察+10    力道+2, 
130111, 1301, 11, 0, 0, 0, 0, 0, 30000000, 1081301$$ 1082001, 12$$ 4000, 77130111, 0, 0, 洞察+10    力道+2, 
130112, 1301, 12, 0, 0, 0, 0, 0, 32000000, 1081301$$ 1082001, 13$$ 4700, 77130112, 0, 0, 洞察+10    力道+2<br>外功攻击+10    会心+1%, 
130113, 1301, 13, 0, 0, 0, 0, 0, 34000000, 1081301$$ 1082001, 14$$ 5400, 77130113, 0, 0, 洞察+10    力道+2, 
130114, 1301, 14, 0, 0, 0, 0, 0, 36000000, 1081301$$ 1082001, 15$$ 6200, 77130114, 0, 0, 洞察+10    力道+2, 
130115, 1301, 15, 0, 0, 0, 0, 0, 38000000, 1081301$$ 1082001, 16$$ 7000, 77130115, 0, 0, 洞察+10    力道+2, 
130116, 1301, 16, 0, 0, 0, 0, 0, 40000000, 1081301$$ 1082001, 20$$ 8000, 77130116, 0, 0, 洞察+10    力道+2<br>外功攻击+10    会心+1%, 
130201, 1302, 1, 0, 0, 0, 0, 0, 10000000, 1081302$$ 1082001, 2$$ 100, 77130201, 0, 0, 气劲+7    身法+5, 
130202, 1302, 2, 0, 0, 0, 0, 0, 12000000, 1081302$$ 1082001, 3$$ 200, 77130202, 0, 0, 气劲+7    身法+5, 
130203, 1302, 3, 0, 0, 0, 0, 0, 14000000, 1081302$$ 1082001, 4$$ 400, 77130203, 0, 0, 气劲+7    身法+5, 
130204, 1302, 4, 0, 0, 0, 0, 0, 16000000, 1081302$$ 1082001, 5$$ 700, 77130204, 0, 0, 气劲+7    身法+5<br>韧劲+1.1%    命中+2%, 
130205, 1302, 5, 0, 0, 0, 0, 0, 18000000, 1081302$$ 1082001, 6$$ 1000, 77130205, 0, 0, 气劲+7    身法+5, 
130206, 1302, 6, 0, 0, 0, 0, 0, 20000000, 1081302$$ 1082001, 7$$ 1400, 77130206, 0, 0, 气劲+7    身法+5, 
130207, 1302, 7, 0, 0, 0, 0, 0, 22000000, 1081302$$ 1082001, 8$$ 1800, 77130207, 0, 0, 气劲+7    身法+5, 
130208, 1302, 8, 0, 0, 0, 0, 0, 24000000, 1081302$$ 1082001, 9$$ 2300, 77130208, 0, 0, 气劲+7    身法+5<br>韧劲+1.1%    命中+2%, 
130209, 1302, 9, 0, 0, 0, 0, 0, 26000000, 1081302$$ 1082001, 10$$ 2800, 77130209, 0, 0, 气劲+7    身法+5, 
130210, 1302, 10, 0, 0, 0, 0, 0, 28000000, 1081302$$ 1082001, 11$$ 3400, 77130210, 0, 0, 气劲+7    身法+5, 
130211, 1302, 11, 0, 0, 0, 0, 0, 30000000, 1081302$$ 1082001, 12$$ 4000, 77130211, 0, 0, 气劲+7    身法+5, 
130212, 1302, 12, 0, 0, 0, 0, 0, 32000000, 1081302$$ 1082001, 13$$ 4700, 77130212, 0, 0, 气劲+7    身法+5<br>韧劲+1.1%    命中+2%, 
130213, 1302, 13, 0, 0, 0, 0, 0, 34000000, 1081302$$ 1082001, 14$$ 5400, 77130213, 0, 0, 气劲+7    身法+5, 
130214, 1302, 14, 0, 0, 0, 0, 0, 36000000, 1081302$$ 1082001, 15$$ 6200, 77130214, 0, 0, 气劲+7    身法+5, 
130215, 1302, 15, 0, 0, 0, 0, 0, 38000000, 1081302$$ 1082001, 16$$ 7000, 77130215, 0, 0, 气劲+7    身法+5, 
130216, 1302, 16, 0, 0, 0, 0, 0, 40000000, 1081302$$ 1082001, 20$$ 8000, 77130216, 0, 0, 气劲+7    身法+5<br>韧劲+1.1%    命中+2%, 
130301, 1303, 1, 0, 0, 0, 0, 0, 10000000, 1081303$$ 1082001, 2$$ 100, 77130301, 0, 0, 力道+8    根骨+4, 
130302, 1303, 2, 0, 0, 0, 0, 0, 12000000, 1081303$$ 1082001, 3$$ 200, 77130302, 0, 0, 力道+8    根骨+4, 
130303, 1303, 3, 0, 0, 0, 0, 0, 14000000, 1081303$$ 1082001, 4$$ 400, 77130303, 0, 0, 力道+8    根骨+4, 
130304, 1303, 4, 0, 0, 0, 0, 0, 16000000, 1081303$$ 1082001, 5$$ 700, 77130304, 0, 0, 力道+8    根骨+4<br>命中+1%    气血+150, 
130305, 1303, 5, 0, 0, 0, 0, 0, 18000000, 1081303$$ 1082001, 6$$ 1000, 77130305, 0, 0, 力道+8    根骨+4, 
130306, 1303, 6, 0, 0, 0, 0, 0, 20000000, 1081303$$ 1082001, 7$$ 1400, 77130306, 0, 0, 力道+8    根骨+4, 
130307, 1303, 7, 0, 0, 0, 0, 0, 22000000, 1081303$$ 1082001, 8$$ 1800, 77130307, 0, 0, 力道+8    根骨+4, 
130308, 1303, 8, 0, 0, 0, 0, 0, 24000000, 1081303$$ 1082001, 9$$ 2300, 77130308, 0, 0, 力道+8    根骨+4<br>命中+1%    气血+150, 
130309, 1303, 9, 0, 0, 0, 0, 0, 26000000, 1081303$$ 1082001, 10$$ 2800, 77130309, 0, 0, 力道+8    根骨+4, 
130310, 1303, 10, 0, 0, 0, 0, 0, 28000000, 1081303$$ 1082001, 11$$ 3400, 77130310, 0, 0, 力道+8    根骨+4, 
130311, 1303, 11, 0, 0, 0, 0, 0, 30000000, 1081303$$ 1082001, 12$$ 4000, 77130311, 0, 0, 力道+8    根骨+4, 
130312, 1303, 12, 0, 0, 0, 0, 0, 32000000, 1081303$$ 1082001, 13$$ 4700, 77130312, 0, 0, 力道+8    根骨+4<br>命中+1%    气血+150, 
130313, 1303, 13, 0, 0, 0, 0, 0, 34000000, 1081303$$ 1082001, 14$$ 5400, 77130313, 0, 0, 力道+8    根骨+4, 
130314, 1303, 14, 0, 0, 0, 0, 0, 36000000, 1081303$$ 1082001, 15$$ 6200, 77130314, 0, 0, 力道+8    根骨+4, 
130315, 1303, 15, 0, 0, 0, 0, 0, 38000000, 1081303$$ 1082001, 16$$ 7000, 77130315, 0, 0, 力道+8    根骨+4, 
130316, 1303, 16, 0, 0, 0, 0, 0, 40000000, 1081303$$ 1082001, 20$$ 8000, 77130316, 0, 0, 力道+8    根骨+4<br>命中+1%    气血+150, 
140101, 1401, 1, 0, 0, 0, 0, 0, 10000000, 1081401$$ 1082001, 2$$ 100, 77140101, 0, 0, 气劲+9    洞察+6, 
140102, 1401, 2, 0, 0, 0, 0, 0, 12000000, 1081401$$ 1082001, 3$$ 200, 77140102, 0, 0, 气劲+9    洞察+6, 
140103, 1401, 3, 0, 0, 0, 0, 0, 14000000, 1081401$$ 1082001, 4$$ 400, 77140103, 0, 0, 气劲+9    洞察+6, 
140104, 1401, 4, 0, 0, 0, 0, 0, 16000000, 1081401$$ 1082001, 5$$ 700, 77140104, 0, 0, 气劲+9    洞察+6<br>内功攻击+7    会心+1.5%, 
140105, 1401, 5, 0, 0, 0, 0, 0, 18000000, 1081401$$ 1082001, 6$$ 1000, 77140105, 0, 0, 气劲+9    洞察+6, 
140106, 1401, 6, 0, 0, 0, 0, 0, 20000000, 1081401$$ 1082001, 7$$ 1400, 77140106, 0, 0, 气劲+9    洞察+6, 
140107, 1401, 7, 0, 0, 0, 0, 0, 22000000, 1081401$$ 1082001, 8$$ 1800, 77140107, 0, 0, 气劲+9    洞察+6, 
140108, 1401, 8, 0, 0, 0, 0, 0, 24000000, 1081401$$ 1082001, 9$$ 2300, 77140108, 0, 0, 气劲+9    洞察+6<br>内功攻击+7    会心+1.5%, 
140109, 1401, 9, 0, 0, 0, 0, 0, 26000000, 1081401$$ 1082001, 10$$ 2800, 77140109, 0, 0, 气劲+9    洞察+6, 
140110, 1401, 10, 0, 0, 0, 0, 0, 28000000, 1081401$$ 1082001, 11$$ 3400, 77140110, 0, 0, 气劲+9    洞察+6, 
140111, 1401, 11, 0, 0, 0, 0, 0, 30000000, 1081401$$ 1082001, 12$$ 4000, 77140111, 0, 0, 气劲+9    洞察+6, 
140112, 1401, 12, 0, 0, 0, 0, 0, 32000000, 1081401$$ 1082001, 13$$ 4700, 77140112, 0, 0, 气劲+9    洞察+6<br>内功攻击+7    会心+1.5%, 
140113, 1401, 13, 0, 0, 0, 0, 0, 34000000, 1081401$$ 1082001, 14$$ 5400, 77140113, 0, 0, 气劲+9    洞察+6, 
140114, 1401, 14, 0, 0, 0, 0, 0, 36000000, 1081401$$ 1082001, 15$$ 6200, 77140114, 0, 0, 气劲+9    洞察+6, 
140115, 1401, 15, 0, 0, 0, 0, 0, 38000000, 1081401$$ 1082001, 16$$ 7000, 77140115, 0, 0, 气劲+9    洞察+6, 
140116, 1401, 16, 0, 0, 0, 0, 0, 40000000, 1081401$$ 1082001, 20$$ 8000, 77140116, 0, 0, 气劲+9    洞察+6<br>内功攻击+7    会心+1.5%, 
140201, 1402, 1, 0, 0, 0, 0, 0, 10000000, 1081402$$ 1082001, 2$$ 100, 77140201, 0, 0, 根骨+9    力道+6, 
140202, 1402, 2, 0, 0, 0, 0, 0, 12000000, 1081402$$ 1082001, 3$$ 200, 77140202, 0, 0, 根骨+9    力道+6, 
140203, 1402, 3, 0, 0, 0, 0, 0, 14000000, 1081402$$ 1082001, 4$$ 400, 77140203, 0, 0, 根骨+9    力道+6, 
140204, 1402, 4, 0, 0, 0, 0, 0, 16000000, 1081402$$ 1082001, 5$$ 700, 77140204, 0, 0, 根骨+9    力道+6<br>会心伤害+2%    气血+180, 
140205, 1402, 5, 0, 0, 0, 0, 0, 18000000, 1081402$$ 1082001, 6$$ 1000, 77140205, 0, 0, 根骨+9    力道+6, 
140206, 1402, 6, 0, 0, 0, 0, 0, 20000000, 1081402$$ 1082001, 7$$ 1400, 77140206, 0, 0, 根骨+9    力道+6, 
140207, 1402, 7, 0, 0, 0, 0, 0, 22000000, 1081402$$ 1082001, 8$$ 1800, 77140207, 0, 0, 根骨+9    力道+6, 
140208, 1402, 8, 0, 0, 0, 0, 0, 24000000, 1081402$$ 1082001, 9$$ 2300, 77140208, 0, 0, 根骨+9    力道+6<br>会心伤害+2%    气血+180, 
140209, 1402, 9, 0, 0, 0, 0, 0, 26000000, 1081402$$ 1082001, 10$$ 2800, 77140209, 0, 0, 根骨+9    力道+6, 
140210, 1402, 10, 0, 0, 0, 0, 0, 28000000, 1081402$$ 1082001, 11$$ 3400, 77140210, 0, 0, 根骨+9    力道+6, 
140211, 1402, 11, 0, 0, 0, 0, 0, 30000000, 1081402$$ 1082001, 12$$ 4000, 77140211, 0, 0, 根骨+9    力道+6, 
140212, 1402, 12, 0, 0, 0, 0, 0, 32000000, 1081402$$ 1082001, 13$$ 4700, 77140212, 0, 0, 根骨+9    力道+6<br>会心伤害+2%    气血+180, 
140213, 1402, 13, 0, 0, 0, 0, 0, 34000000, 1081402$$ 1082001, 14$$ 5400, 77140213, 0, 0, 根骨+9    力道+6, 
140214, 1402, 14, 0, 0, 0, 0, 0, 36000000, 1081402$$ 1082001, 15$$ 6200, 77140214, 0, 0, 根骨+9    力道+6, 
140215, 1402, 15, 0, 0, 0, 0, 0, 38000000, 1081402$$ 1082001, 16$$ 7000, 77140215, 0, 0, 根骨+9    力道+6, 
140216, 1402, 16, 0, 0, 0, 0, 0, 40000000, 1081402$$ 1082001, 20$$ 8000, 77140216, 0, 0, 根骨+9    力道+6<br>会心伤害+2%    气血+180, 
140301, 1403, 1, 0, 0, 0, 0, 0, 10000000, 1081403$$ 1082001, 2$$ 100, 77140301, 0, 0, 身法+11    根骨+4, 
140302, 1403, 2, 0, 0, 0, 0, 0, 12000000, 1081403$$ 1082001, 3$$ 200, 77140302, 0, 0, 身法+11    根骨+4, 
140303, 1403, 3, 0, 0, 0, 0, 0, 14000000, 1081403$$ 1082001, 4$$ 400, 77140303, 0, 0, 身法+11    根骨+4, 
140304, 1403, 4, 0, 0, 0, 0, 0, 16000000, 1081403$$ 1082001, 5$$ 700, 77140304, 0, 0, 身法+11    根骨+4<br>韧劲+1.2%    格挡+3%, 
140305, 1403, 5, 0, 0, 0, 0, 0, 18000000, 1081403$$ 1082001, 6$$ 1000, 77140305, 0, 0, 身法+11    根骨+4, 
140306, 1403, 6, 0, 0, 0, 0, 0, 20000000, 1081403$$ 1082001, 7$$ 1400, 77140306, 0, 0, 身法+11    根骨+4, 
140307, 1403, 7, 0, 0, 0, 0, 0, 22000000, 1081403$$ 1082001, 8$$ 1800, 77140307, 0, 0, 身法+11    根骨+4, 
140308, 1403, 8, 0, 0, 0, 0, 0, 24000000, 1081403$$ 1082001, 9$$ 2300, 77140308, 0, 0, 身法+11    根骨+4<br>韧劲+1.2%    格挡+3%, 
140309, 1403, 9, 0, 0, 0, 0, 0, 26000000, 1081403$$ 1082001, 10$$ 2800, 77140309, 0, 0, 身法+11    根骨+4, 
140310, 1403, 10, 0, 0, 0, 0, 0, 28000000, 1081403$$ 1082001, 11$$ 3400, 77140310, 0, 0, 身法+11    根骨+4, 
140311, 1403, 11, 0, 0, 0, 0, 0, 30000000, 1081403$$ 1082001, 12$$ 4000, 77140311, 0, 0, 身法+11    根骨+4, 
140312, 1403, 12, 0, 0, 0, 0, 0, 32000000, 1081403$$ 1082001, 13$$ 4700, 77140312, 0, 0, 身法+11    根骨+4<br>韧劲+1.2%    格挡+3%, 
140313, 1403, 13, 0, 0, 0, 0, 0, 34000000, 1081403$$ 1082001, 14$$ 5400, 77140313, 0, 0, 身法+11    根骨+4, 
140314, 1403, 14, 0, 0, 0, 0, 0, 36000000, 1081403$$ 1082001, 15$$ 6200, 77140314, 0, 0, 身法+11    根骨+4, 
140315, 1403, 15, 0, 0, 0, 0, 0, 38000000, 1081403$$ 1082001, 16$$ 7000, 77140315, 0, 0, 身法+11    根骨+4, 
140316, 1403, 16, 0, 0, 0, 0, 0, 40000000, 1081403$$ 1082001, 20$$ 8000, 77140316, 0, 0, 身法+11    根骨+4<br>韧劲+1.2%    格挡+3%, 
