achievementId,b,c,d,fashionId,f,g,h,name,j,k,l,,
23001,0,2,182,18,0,0,0, 鹰飞·半月匕,0,0,0, , 
23002,0,2,182,420,0,0,0, 鹰飞·震天河,0,0,0, , 
23003,0,2,182,736,0,0,0, 云海蹑踪冠,0,0,0, , 
23004,0,2,182,796,0,0,0, 云海蹑踪袍,0,0,0, , 
23005,0,2,182,856,0,0,0, 云海蹑踪腕,0,0,0, , 
23006,0,2,182,916,0,0,0, 云海蹑踪履,0,0,0, , 
23007,0,2,182,742,0,0,0, 苍蓝流苏冠,0,0,0, , 
23008,0,2,182,802,0,0,0, 苍蓝流苏袍,0,0,0, , 
23009,0,2,182,862,0,0,0, 苍蓝流苏腕,0,0,0, , 
23010,0,2,182,922,0,0,0, 苍蓝流苏履,0,0,0, , 
23011,0,2,182,1192,0,0,0, 纫秋为佩冠,0,0,0, , 
23012,0,2,182,1198,0,0,0, 纫秋为佩袍,0,0,0, , 
23013,0,2,182,1204,0,0,0, 纫秋为佩腕,0,0,0, , 
23014,0,2,182,1210,0,0,0, 纫秋为佩履,0,0,0, , 
23015,0,2,182,730,0,0,0, 竹影飞花冠,0,0,0, , 
23016,0,2,182,790,0,0,0, 竹影飞花袍,0,0,0, , 
23017,0,2,182,850,0,0,0, 竹影飞花腕,0,0,0, , 
23018,0,2,182,910,0,0,0, 竹影飞花履,0,0,0, , 
23019,0,2,182,712,0,0,0, 秦川逐雪冠,0,0,0, , 
23020,0,2,182,772,0,0,0, 秦川逐雪袍,0,0,0, , 
23021,0,2,182,832,0,0,0, 秦川逐雪腕,0,0,0, , 
23022,0,2,182,892,0,0,0, 秦川逐雪履,0,0,0, , 
23023,0,2,182,718,0,0,0, 燕云飞沙冠,0,0,0, , 
23024,0,2,182,778,0,0,0, 燕云飞沙袍,0,0,0, , 
23025,0,2,182,838,0,0,0, 燕云飞沙腕,0,0,0, , 
23026,0,2,182,898,0,0,0, 燕云飞沙履,0,0,0, , 
23027,0,2,182,1602,0,0,0, 初识天意冠,0,0,0, , 
23028,0,2,182,1584,0,0,0, 初识天意袍,0,0,0, , 
23029,0,2,182,1566,0,0,0, 初识天意腕,0,0,0, , 
23030,0,2,182,1620,0,0,0, 初识天意履,0,0,0, , 
23031,0,2,182,724,0,0,0, 醉饮湖湘冠,0,0,0, , 
23032,0,2,182,784,0,0,0, 醉饮湖湘袍,0,0,0, , 
23033,0,2,182,844,0,0,0, 醉饮湖湘腕,0,0,0, , 
23034,0,2,182,904,0,0,0, 醉饮湖湘履,0,0,0, , 
23035,0,2,182,748,0,0,0, 莫忘初心冠,0,0,0, , 
23036,0,2,182,808,0,0,0, 莫忘初心袍,0,0,0, , 
23037,0,2,182,868,0,0,0, 莫忘初心腕,0,0,0, , 
23038,0,2,182,928,0,0,0, 莫忘初心履,0,0,0, , 
23039,0,2,182,22,0,0,0, 点石·刀丛诗,0,0,0, , 
23040,0,2,182,66,0,0,0, 醉浮光,0,0,0, , 
23041,0,2,182,67,0,0,0, 震天角,0,0,0, , 
23042,0,2,182,1545,0,0,0, 啸苍穹,0,0,0, , 
23043,0,2,182,12,0,0,0, 千日醒,0,0,0, , 
23044,0,2,182,1340,0,0,0, 笼轻烟,0,0,0, , 
23045,0,2,182,69,0,0,0, 弹指花,0,0,0, , 
23046,0,2,182,70,0,0,0, 缠阴阳,0,0,0, , 
23047,0,2,182,140,0,0,0, 暗飞声,0,0,0, , 
23048,0,2,182,737,0,0,0, 玄虚清镜冠,0,0,0, , 
23049,0,2,182,797,0,0,0, 玄虚清镜袍,0,0,0, , 
23050,0,2,182,857,0,0,0, 玄虚清镜腕,0,0,0, , 
23051,0,2,182,917,0,0,0, 玄虚清镜履,0,0,0, , 
23052,0,2,182,743,0,0,0, 挂月松石冠,0,0,0, , 
23053,0,2,182,803,0,0,0, 挂月松石袍,0,0,0, , 
23054,0,2,182,863,0,0,0, 挂月松石腕,0,0,0, , 
23055,0,2,182,923,0,0,0, 挂月松石履,0,0,0, , 
23056,0,2,182,1193,0,0,0, 沐风为裳冠,0,0,0, , 
23057,0,2,182,1199,0,0,0, 沐风为裳袍,0,0,0, , 
23058,0,2,182,1205,0,0,0, 沐风为裳腕,0,0,0, , 
23059,0,2,182,1211,0,0,0, 沐风为裳履,0,0,0, , 
23060,0,2,182,731,0,0,0, 琼林倚风冠,0,0,0, , 
23061,0,2,182,791,0,0,0, 琼林倚风袍,0,0,0, , 
23062,0,2,182,851,0,0,0, 琼林倚风腕,0,0,0, , 
23063,0,2,182,911,0,0,0, 琼林倚风履,0,0,0, , 
23064,0,2,182,713,0,0,0, 剑鸣广陌冠,0,0,0, , 
23065,0,2,182,773,0,0,0, 剑鸣广陌袍,0,0,0, , 
23066,0,2,182,833,0,0,0, 剑鸣广陌腕,0,0,0, , 
23067,0,2,182,893,0,0,0, 剑鸣广陌履,0,0,0, , 
23068,0,2,182,719,0,0,0, 七月流火冠,0,0,0, , 
23069,0,2,182,779,0,0,0, 七月流火袍,0,0,0, , 
23070,0,2,182,839,0,0,0, 七月流火腕,0,0,0, , 
23071,0,2,182,899,0,0,0, 七月流火履,0,0,0, , 
23072,0,2,182,1603,0,0,0, 再破重霄冠,0,0,0, , 
23073,0,2,182,1585,0,0,0, 再破重霄袍,0,0,0, , 
23074,0,2,182,1567,0,0,0, 再破重霄腕,0,0,0, , 
23075,0,2,182,1621,0,0,0, 再破重霄履,0,0,0, , 
23076,0,2,182,725,0,0,0, 侠影疏狂冠,0,0,0, , 
23077,0,2,182,785,0,0,0, 侠影疏狂袍,0,0,0, , 
23078,0,2,182,845,0,0,0, 侠影疏狂腕,0,0,0, , 
23079,0,2,182,905,0,0,0, 侠影疏狂履,0,0,0, , 
23080,0,2,182,749,0,0,0, 朗月天风冠,0,0,0, , 
23081,0,2,182,809,0,0,0, 朗月天风袍,0,0,0, , 
23082,0,2,182,869,0,0,0, 朗月天风腕,0,0,0, , 
23083,0,2,182,929,0,0,0, 朗月天风履,0,0,0, , 
23084,0,2,182,51,0,0,0, 独钓翁,0,0,0, , 
23085,0,2,182,65,0,0,0, 攻玉·断黑熊,0,0,0, , 
23086,0,2,182,1144,0,0,0, 晴川远望冠,0,0,0, , 
23087,0,2,182,1145,0,0,0, 晴川远望袍,0,0,0, , 
23088,0,2,182,1146,0,0,0, 晴川远望腕,0,0,0, , 
23089,0,2,182,1147,0,0,0, 晴川远望履,0,0,0, , 
23090,0,2,182,1414,0,0,0, 颜如玉,0,0,0, , 
23091,0,2,182,19,0,0,0, 点石·机关谱,0,0,0, , 
23092,0,2,182,32,0,0,0, 点石·七重武,0,0,0, , 
23093,0,2,182,1757,0,0,0, 风华·团子,0,0,0, , 
23094,0,2,182,1493,0,0,0, 吾爱团子冠,0,0,0, , 
23095,0,2,182,423,0,0,0, 攻玉·飞天曲,0,0,0, , 
23096,0,2,182,1525,0,0,0, 灵殊·芳心得意,0,0,0, , 
23097,0,2,182,1439,0,0,0, 灵殊·滚来滚去,0,0,0, , 
23098,0,2,182,1438,0,0,0, 灵殊·黑白至爱,0,0,0, , 
23099,0,2,182,1509,0,0,0, 灵韵·蝶水凝烟,0,0,0, , 
23100,0,2,182,1443,0,0,0, 灵韵·蝶舞风帘,0,0,0, , 
23101,0,2,182,1466,0,0,0, 萌趣·离盟主,0,0,0, , 
23102,0,2,182,1469,0,0,0, 萌趣·曲姑娘,0,0,0, , 
23103,0,2,182,1468,0,0,0, 萌趣·唐师兄,0,0,0, , 
23104,0,2,182,1467,0,0,0, 萌趣·叶大侠,0,0,0, , 
23105,0,2,182,1435,0,0,0, 沐天云·男,0,0,0, , 
23106,0,2,182,1436,0,0,0, 沐天云·女,0,0,0, , 
23107,0,2,182,413,0,0,0, 七情·壹,0,0,0, , 
23108,0,2,182,414,0,0,0, 七情·贰,0,0,0, , 
23109,0,2,182,415,0,0,0, 七情·叁,0,0,0, , 
23110,0,2,182,416,0,0,0, 七情·肆,0,0,0, , 
23111,0,2,182,417,0,0,0, 七情·伍,0,0,0, , 
23112,0,2,182,418,0,0,0, 七情·陆,0,0,0, , 
23113,0,2,182,419,0,0,0, 七情·柒,0,0,0, , 
23114,0,2,182,1494,0,0,0, 碎瑶叶·男,0,0,0, , 
23115,0,2,182,1495,0,0,0, 碎瑶叶·女,0,0,0, , 
23116,0,2,182,1506,0,0,0, 宛灵烟·男,0,0,0, , 
23117,0,2,182,1507,0,0,0, 宛灵烟·女,0,0,0, , 
23118,0,2,182,1517,0,0,0, 众生相·男,0,0,0, , 
23119,0,2,182,1518,0,0,0, 众生相·女,0,0,0, , 
23120,0,2,182,1463,0,0,0, 醉墨棠·男,0,0,0, , 
23121,0,2,182,1464,0,0,0, 醉墨棠·女,0,0,0, , 
23122,0,2,182,1374,0,0,0, 圣绣·天岚冠,0,0,0, , 
23123,0,2,182,1375,0,0,0, 圣绣·天岚袍,0,0,0, , 
23124,0,2,182,1376,0,0,0, 圣绣·天岚腕,0,0,0, , 
23125,0,2,182,1377,0,0,0, 圣绣·天岚履,0,0,0, , 
23126,0,2,182,1362,0,0,0, 圣绣·袭光冠,0,0,0, , 
23127,0,2,182,1363,0,0,0, 圣绣·袭光袍,0,0,0, , 
23128,0,2,182,1364,0,0,0, 圣绣·袭光腕,0,0,0, , 
23129,0,2,182,1365,0,0,0, 圣绣·袭光履,0,0,0, , 
23130,0,2,182,1402,0,0,0, 心王·翎羽冠,0,0,0, , 
23131,0,2,182,1403,0,0,0, 心王·翎羽袍,0,0,0, , 
23132,0,2,182,1404,0,0,0, 心王·翎羽腕,0,0,0, , 
23133,0,2,182,1405,0,0,0, 心王·翎羽履,0,0,0, , 
23134,0,2,182,1389,0,0,0, 圣绣·冰云冠,0,0,0, , 
23135,0,2,182,1390,0,0,0, 圣绣·冰云袍,0,0,0, , 
23136,0,2,182,1391,0,0,0, 圣绣·冰云腕,0,0,0, , 
23137,0,2,182,1392,0,0,0, 圣绣·冰云履,0,0,0, , 
23138,0,2,182,1550,0,0,0, 圣绣·空明冠,0,0,0, , 
23139,0,2,182,1551,0,0,0, 圣绣·空明袍,0,0,0, , 
23140,0,2,182,1552,0,0,0, 圣绣·空明腕,0,0,0, , 
23141,0,2,182,1553,0,0,0, 圣绣·空明履,0,0,0, , 
23142,0,2,182,1481,0,0,0, 圣绣·琅琊冠,0,0,0, , 
23143,0,2,182,1482,0,0,0, 圣绣·琅琊袍,0,0,0, , 
23144,0,2,182,1483,0,0,0, 圣绣·琅琊腕,0,0,0, , 
23145,0,2,182,1484,0,0,0, 圣绣·琅琊履,0,0,0, , 
23146,0,2,182,1526,0,0,0, 圣绣·骊珠冠,0,0,0, , 
23147,0,2,182,1527,0,0,0, 圣绣·骊珠袍,0,0,0, , 
23148,0,2,182,1528,0,0,0, 圣绣·骊珠腕,0,0,0, , 
23149,0,2,182,1529,0,0,0, 圣绣·骊珠履,0,0,0, , 
23150,0,2,182,1530,0,0,0, 圣绣·落梅冠,0,0,0, , 
23151,0,2,182,1531,0,0,0, 圣绣·落梅袍,0,0,0, , 
23152,0,2,182,1532,0,0,0, 圣绣·落梅腕,0,0,0, , 
23153,0,2,182,1533,0,0,0, 圣绣·落梅履,0,0,0, , 
23154,0,2,182,1444,0,0,0, 圣绣·明霞冠,0,0,0, , 
23155,0,2,182,1445,0,0,0, 圣绣·明霞袍,0,0,0, , 
23156,0,2,182,1446,0,0,0, 圣绣·明霞腕,0,0,0, , 
23157,0,2,182,1447,0,0,0, 圣绣·明霞履,0,0,0, , 
23158,0,2,182,1477,0,0,0, 圣绣·清甜冠,0,0,0, , 
23159,0,2,182,1478,0,0,0, 圣绣·清甜袍,0,0,0, , 
23160,0,2,182,1479,0,0,0, 圣绣·清甜腕,0,0,0, , 
23161,0,2,182,1480,0,0,0, 圣绣·清甜履,0,0,0, , 
23162,0,2,182,1459,0,0,0, 圣绣·神庭冠,0,0,0, , 
23163,0,2,182,1460,0,0,0, 圣绣·神庭袍,0,0,0, , 
23164,0,2,182,1461,0,0,0, 圣绣·神庭腕,0,0,0, , 
23165,0,2,182,1462,0,0,0, 圣绣·神庭履,0,0,0, , 
23166,0,2,182,350,0,0,0, 圣绣·素问冠,0,0,0, , 
23167,0,2,182,351,0,0,0, 圣绣·素问袍,0,0,0, , 
23168,0,2,182,352,0,0,0, 圣绣·素问腕,0,0,0, , 
23169,0,2,182,353,0,0,0, 圣绣·素问履,0,0,0, , 
23170,0,2,182,1513,0,0,0, 圣绣·随云冠,0,0,0, , 
23171,0,2,182,1514,0,0,0, 圣绣·随云袍,0,0,0, , 
23172,0,2,182,1515,0,0,0, 圣绣·随云腕,0,0,0, , 
23173,0,2,182,1516,0,0,0, 圣绣·随云履,0,0,0, , 
23174,0,2,182,1455,0,0,0, 圣绣·天芒冠,0,0,0, , 
23175,0,2,182,1456,0,0,0, 圣绣·天芒袍,0,0,0, , 
23176,0,2,182,1457,0,0,0, 圣绣·天芒腕,0,0,0, , 
23177,0,2,182,1458,0,0,0, 圣绣·天芒履,0,0,0, , 
23178,0,2,182,346,0,0,0, 圣绣·无缺冠,0,0,0, , 
23179,0,2,182,347,0,0,0, 圣绣·无缺袍,0,0,0, , 
23180,0,2,182,348,0,0,0, 圣绣·无缺腕,0,0,0, , 
23181,0,2,182,349,0,0,0, 圣绣·无缺履,0,0,0, , 
23182,0,2,182,354,0,0,0, 圣绣·雪宸冠,0,0,0, , 
23183,0,2,182,355,0,0,0, 圣绣·雪宸袍,0,0,0, , 
23184,0,2,182,356,0,0,0, 圣绣·雪宸腕,0,0,0, , 
23185,0,2,182,357,0,0,0, 圣绣·雪宸履,0,0,0, , 
23186,0,2,182,1485,0,0,0, 圣绣·雪影冠,0,0,0, , 
23187,0,2,182,1486,0,0,0, 圣绣·雪影袍,0,0,0, , 
23188,0,2,182,1487,0,0,0, 圣绣·雪影腕,0,0,0, , 
23189,0,2,182,1488,0,0,0, 圣绣·雪影履,0,0,0, , 
23190,0,2,182,1398,0,0,0, 心王·蝶衣冠,0,0,0, , 
23191,0,2,182,1399,0,0,0, 心王·蝶衣袍,0,0,0, , 
23192,0,2,182,1400,0,0,0, 心王·蝶衣腕,0,0,0, , 
23193,0,2,182,1401,0,0,0, 心王·蝶衣履,0,0,0, , 
23194,0,2,182,378,0,0,0, 心王·扶苏冠,0,0,0, , 
23195,0,2,182,379,0,0,0, 心王·扶苏袍,0,0,0, , 
23196,0,2,182,380,0,0,0, 心王·扶苏腕,0,0,0, , 
23197,0,2,182,381,0,0,0, 心王·扶苏履,0,0,0, , 
23198,0,2,182,1541,0,0,0, 心王·入君怀冠,0,0,0, , 
23199,0,2,182,1542,0,0,0, 心王·入君怀袍,0,0,0, , 
23200,0,2,182,1543,0,0,0, 心王·入君怀腕,0,0,0, , 
23201,0,2,182,1544,0,0,0, 心王·入君怀履,0,0,0, , 
23202,0,2,182,1489,0,0,0, 心王·相见欢冠,0,0,0, , 
23203,0,2,182,1490,0,0,0, 心王·相见欢袍,0,0,0, , 
23204,0,2,182,1491,0,0,0, 心王·相见欢腕,0,0,0, , 
23205,0,2,182,1492,0,0,0, 心王·相见欢履,0,0,0, , 
23206,0,2,182,9,0,0,0, 点石·柳生月,0,0,0, , 
23207,0,2,182,1318,0,0,0, 吹雪霓裳冠,0,0,0, , 
23208,0,2,182,1319,0,0,0, 吹雪霓裳袍,0,0,0, , 
23209,0,2,182,1320,0,0,0, 吹雪霓裳腕,0,0,0, , 
23210,0,2,182,1321,0,0,0, 吹雪霓裳履,0,0,0, , 
23211,0,2,182,1182,0,0,0, 劫道风尘,0,0,0, , 
23212,0,2,182,751,0,0,0, 山河·紫陌冠,0,0,0, , 
23213,0,2,182,811,0,0,0, 山河·紫陌袍,0,0,0, , 
23214,0,2,182,871,0,0,0, 山河·紫陌腕,0,0,0, , 
23215,0,2,182,931,0,0,0, 山河·紫陌履,0,0,0, , 
23216,0,2,182,68,0,0,0, 绿玉杖,0,0,0, , 
23217,0,2,182,28,0,0,0, 高岭血,0,0,0, , 
23218,0,2,182,763,0,0,0, 蓑笠寒江冠,0,0,0, , 
23219,0,2,182,823,0,0,0, 蓑笠寒江袍,0,0,0, , 
23220,0,2,182,883,0,0,0, 蓑笠寒江腕,0,0,0, , 
23221,0,2,182,943,0,0,0, 蓑笠寒江履,0,0,0, , 
23222,0,2,182,752,0,0,0, 山河·江天冠,0,0,0, , 
23223,0,2,182,812,0,0,0, 山河·江天袍,0,0,0, , 
23224,0,2,182,872,0,0,0, 山河·江天腕,0,0,0, , 
23225,0,2,182,932,0,0,0, 山河·江天履,0,0,0, , 
23226,0,2,182,31,0,0,0, 横竖刀,0,0,0, , 
23227,0,2,182,39,0,0,0, 锏打笠,0,0,0, , 
23228,0,2,182,1244,0,0,0, 九转飞沙,0,0,0, , 
23229,0,2,182,1247,0,0,0, 玉楼移花,0,0,0, , 
23230,0,2,182,1238,0,0,0, 孤山百晓,0,0,0, , 
23231,0,2,182,1241,0,0,0, 金陵王气,0,0,0, , 
23232,0,2,182,1148,0,0,0, 繁缨系年冠,0,0,0, , 
23233,0,2,182,1149,0,0,0, 繁缨系年袍,0,0,0, , 
23234,0,2,182,1150,0,0,0, 繁缨系年腕,0,0,0, , 
23235,0,2,182,1151,0,0,0, 繁缨系年履,0,0,0, , 
23236,0,2,182,750,0,0,0, 暖玉轻革冠,0,0,0, , 
23237,0,2,182,810,0,0,0, 暖玉轻革袍,0,0,0, , 
23238,0,2,182,870,0,0,0, 暖玉轻革腕,0,0,0, , 
23239,0,2,182,930,0,0,0, 暖玉轻革履,0,0,0, , 
23240,0,2,182,1395,0,0,0, 裁天晴,0,0,0, , 
23241,0,2,182,38,0,0,0, 点石·赤鲛肠,0,0,0, , 
23242,0,2,182,366,0,0,0, 圣绣·从龙冠,0,0,0, , 
23243,0,2,182,367,0,0,0, 圣绣·从龙袍,0,0,0, , 
23244,0,2,182,368,0,0,0, 圣绣·从龙腕,0,0,0, , 
23245,0,2,182,369,0,0,0, 圣绣·从龙履,0,0,0, , 
23246,0,2,182,370,0,0,0, 心王·逆鳞冠,0,0,0, , 
23247,0,2,182,371,0,0,0, 心王·逆鳞袍,0,0,0, , 
23248,0,2,182,372,0,0,0, 心王·逆鳞腕,0,0,0, , 
23249,0,2,182,373,0,0,0, 心王·逆鳞履,0,0,0, , 
23250,0,2,182,358,0,0,0, 圣绣·昭华冠,0,0,0, , 
23251,0,2,182,359,0,0,0, 圣绣·昭华袍,0,0,0, , 
23252,0,2,182,360,0,0,0, 圣绣·昭华腕,0,0,0, , 
23253,0,2,182,361,0,0,0, 圣绣·昭华履,0,0,0, , 
23254,0,2,182,1502,0,0,0, 心王·听风冠,0,0,0, , 
23255,0,2,182,1503,0,0,0, 心王·听风袍,0,0,0, , 
23256,0,2,182,1504,0,0,0, 心王·听风腕,0,0,0, , 
23257,0,2,182,1505,0,0,0, 心王·听风履,0,0,0, , 
23258,0,2,182,2,0,0,0, 酒囊愁,0,0,0, , 
23259,0,2,182,1334,0,0,0, 阮月韵,0,0,0, , 
23260,0,2,182,1216,0,0,0, 风雨无阻,0,0,0, , 
23261,0,2,182,1219,0,0,0, 铁胆昭彰,0,0,0, , 
23262,0,2,182,1234,0,0,0, 纱翻雪舞,0,0,0, , 
23263,0,2,182,1222,0,0,0, 牵黄擎苍,0,0,0, , 
23264,0,2,182,1225,0,0,0, 杀决长夜,0,0,0, , 
23265,0,2,182,1231,0,0,0, 书剑飘零,0,0,0, , 
23266,0,2,182,1228,0,0,0, 搬山涉水,0,0,0, , 
23267,0,2,182,757,0,0,0, 洗影青莲冠,0,0,0, , 
23268,0,2,182,817,0,0,0, 洗影青莲袍,0,0,0, , 
23269,0,2,182,877,0,0,0, 洗影青莲腕,0,0,0, , 
23270,0,2,182,937,0,0,0, 洗影青莲履,0,0,0, , 
23271,0,2,182,1093,0,0,0, 秋水澄江冠,0,0,0, , 
23272,0,2,182,1099,0,0,0, 秋水澄江袍,0,0,0, , 
23273,0,2,182,1105,0,0,0, 秋水澄江腕,0,0,0, , 
23274,0,2,182,1111,0,0,0, 秋水澄江履,0,0,0, , 
23275,0,2,182,751,0,0,0, 红尘紫陌冠,0,0,0, , 
23276,0,2,182,811,0,0,0, 红尘紫陌袍,0,0,0, , 
23277,0,2,182,871,0,0,0, 红尘紫陌腕,0,0,0, , 
23278,0,2,182,931,0,0,0, 红尘紫陌履,0,0,0, , 
23279,0,2,182,1394,0,0,0, 风华·牵心,0,0,0, , 
23280,0,2,182,40,0,0,0, 千枝箭,0,0,0, , 
23281,0,2,182,1178,0,0,0, 微夜潜行冠,0,0,0, , 
23282,0,2,182,1179,0,0,0, 微夜潜行袍,0,0,0, , 
23283,0,2,182,1180,0,0,0, 微夜潜行腕,0,0,0, , 
23284,0,2,182,1181,0,0,0, 微夜潜行履,0,0,0, , 
23285,0,2,182,1217,0,0,0, 日夜兼程,0,0,0, , 
23286,0,2,182,1220,0,0,0, 丹心明镜,0,0,0, , 
23287,0,2,182,1235,0,0,0, 醉扫箜篌,0,0,0, , 
23288,0,2,182,1226,0,0,0, 血洗残阳,0,0,0, , 
23289,0,2,182,1232,0,0,0, 惜墨生花,0,0,0, , 
23290,0,2,182,1229,0,0,0, 寻龙点穴,0,0,0, , 
23291,0,2,182,758,0,0,0, 绮念天罗冠,0,0,0, , 
23292,0,2,182,818,0,0,0, 绮念天罗袍,0,0,0, , 
23293,0,2,182,878,0,0,0, 绮念天罗腕,0,0,0, , 
23294,0,2,182,938,0,0,0, 绮念天罗履,0,0,0, , 
23295,0,2,182,752,0,0,0, 江天一色冠,0,0,0, , 
23296,0,2,182,812,0,0,0, 江天一色袍,0,0,0, , 
23297,0,2,182,872,0,0,0, 江天一色腕,0,0,0, , 
23298,0,2,182,932,0,0,0, 江天一色履,0,0,0, , 
23299,0,2,182,50,0,0,0, 雅投壶,0,0,0, , 
23300,0,2,182,753,0,0,0, 山河·墨武冠,0,0,0, , 
23301,0,2,182,813,0,0,0, 山河·墨武袍,0,0,0, , 
23302,0,2,182,873,0,0,0, 山河·墨武腕,0,0,0, , 
23303,0,2,182,933,0,0,0, 山河·墨武履,0,0,0, , 
23304,0,2,182,1092,0,0,0, 昔光如愿冠,0,0,0, , 
23305,0,2,182,1098,0,0,0, 昔光如愿袍,0,0,0, , 
23306,0,2,182,1104,0,0,0, 昔光如愿腕,0,0,0, , 
23307,0,2,182,1110,0,0,0, 昔光如愿履,0,0,0, , 
23308,0,2,182,754,0,0,0, 韶华争荣冠,0,0,0, , 
23309,0,2,182,814,0,0,0, 韶华争荣袍,0,0,0, , 
23310,0,2,182,874,0,0,0, 韶华争荣腕,0,0,0, , 
23311,0,2,182,934,0,0,0, 韶华争荣履,0,0,0, , 
23312,0,2,182,753,0,0,0, 墨武清流冠,0,0,0, , 
23313,0,2,182,813,0,0,0, 墨武清流袍,0,0,0, , 
23314,0,2,182,873,0,0,0, 墨武清流腕,0,0,0, , 
23315,0,2,182,933,0,0,0, 墨武清流履,0,0,0, , 
23316,0,2,182,760,0,0,0, 左思明月冠,0,0,0, , 
23317,0,2,182,820,0,0,0, 左思明月袍,0,0,0, , 
23318,0,2,182,880,0,0,0, 左思明月腕,0,0,0, , 
23319,0,2,182,940,0,0,0, 左思明月履,0,0,0, , 
23320,0,2,182,759,0,0,0, 苍山负雪冠,0,0,0, , 
23321,0,2,182,819,0,0,0, 苍山负雪袍,0,0,0, , 
23322,0,2,182,879,0,0,0, 苍山负雪腕,0,0,0, , 
23323,0,2,182,939,0,0,0, 苍山负雪履,0,0,0, , 
23324,0,2,182,42,0,0,0, 战金乌,0,0,0, , 
23325,0,2,182,754,0,0,0, 山河·韶华冠,0,0,0, , 
23326,0,2,182,814,0,0,0, 山河·韶华袍,0,0,0, , 
23327,0,2,182,874,0,0,0, 山河·韶华腕,0,0,0, , 
23328,0,2,182,934,0,0,0, 山河·韶华履,0,0,0, , 
23329,0,2,182,55,0,0,0, 剜心肝,0,0,0, , 
23330,0,2,182,21,0,0,0, 震蒲牢,0,0,0, , 
23331,0,2,182,20,0,0,0, 芍药词,0,0,0, , 
23332,0,2,182,17,0,0,0, 灵狐咬,0,0,0, , 
23333,0,2,182,6,0,0,0, 万割风,0,0,0, , 
23334,0,2,182,1223,0,0,0, 飞鹰走马,0,0,0, , 
23335,0,2,182,64,0,0,0, 抓日月,0,0,0, , 
23336,0,2,182,1306,0,0,0, 钧天广乐冠,0,0,0, , 
23337,0,2,182,1307,0,0,0, 钧天广乐袍,0,0,0, , 
23338,0,2,182,1308,0,0,0, 钧天广乐腕,0,0,0, , 
23339,0,2,182,1309,0,0,0, 钧天广乐履,0,0,0, , 
23340,0,2,182,52,0,0,0, 指物旗,0,0,0, , 
23341,0,2,182,406,0,0,0, 七子·壹,0,0,0, , 
23342,0,2,182,407,0,0,0, 七子·贰,0,0,0, , 
23343,0,2,182,408,0,0,0, 七子·叁,0,0,0, , 
23344,0,2,182,409,0,0,0, 七子·肆,0,0,0, , 
23345,0,2,182,410,0,0,0, 七子·伍,0,0,0, , 
23346,0,2,182,411,0,0,0, 七子·陆,0,0,0, , 
23347,0,2,182,412,0,0,0, 七子·柒,0,0,0, , 
23348,0,2,182,1236,0,0,0, 锦瑟倾城,0,0,0, , 
23349,0,2,182,1397,0,0,0, 灵殊·玄鸟凤凰,0,0,0, , 
23350,0,2,182,1322,0,0,0, 赋风余韵冠,0,0,0, , 
23351,0,2,182,1323,0,0,0, 赋风余韵袍,0,0,0, , 
23352,0,2,182,1324,0,0,0, 赋风余韵腕,0,0,0, , 
23353,0,2,182,1325,0,0,0, 赋风余韵履,0,0,0, , 
23354,0,2,182,15,0,0,0, 剁骨刀,0,0,0, , 
23355,0,2,182,35,0,0,0, 错综刑,0,0,0, , 
23356,0,2,182,49,0,0,0, 木玉龙,0,0,0, , 
23357,0,2,182,30,0,0,0, 长短刃,0,0,0, , 
23358,0,2,182,1240,0,0,0, 独立寒江,0,0,0, , 
23359,0,2,182,1249,0,0,0, 龙吟水上,0,0,0, , 
23360,0,2,182,1246,0,0,0, 万里残阳,0,0,0, , 
23361,0,2,182,1243,0,0,0, 谁应帝王,0,0,0, , 
23362,0,2,182,1470,0,0,0, 孙小圣,0,0,0, , 
23363,0,2,182,26,0,0,0, 点石·弃天剑,0,0,0, , 
23364,0,2,182,23,0,0,0, 行水陆,0,0,0, , 
23365,0,2,182,43,0,0,0, 马头琴,0,0,0, , 
23366,0,2,182,36,0,0,0, 千绞月,0,0,0, , 
23367,0,2,182,11,0,0,0, 月下锄,0,0,0, , 
23368,0,2,182,1218,0,0,0, 山水相逢,0,0,0, , 
23369,0,2,182,1221,0,0,0, 天网峥嵘,0,0,0, , 
23370,0,2,182,1227,0,0,0, 斩裂星芒,0,0,0, , 
23371,0,2,182,1233,0,0,0, 文心雕龙,0,0,0, , 
23372,0,2,182,1230,0,0,0, 掘金振玉,0,0,0, , 
23373,0,2,182,54,0,0,0, 鹰飞·砧上刀,0,0,0, , 
23374,0,2,182,771,0,0,0, 弹剑鹰飞冠,0,0,0, , 
23375,0,2,182,831,0,0,0, 弹剑鹰飞袍,0,0,0, , 
23376,0,2,182,891,0,0,0, 弹剑鹰飞腕,0,0,0, , 
23377,0,2,182,951,0,0,0, 弹剑鹰飞履,0,0,0, , 
23378,0,2,182,1426,0,0,0, 紫宿天辰冠,0,0,0, , 
23379,0,2,182,1427,0,0,0, 紫宿天辰袍,0,0,0, , 
23380,0,2,182,1428,0,0,0, 紫宿天辰腕,0,0,0, , 
23381,0,2,182,1429,0,0,0, 紫宿天辰履,0,0,0, , 
23382,0,2,182,1350,0,0,0, 风抬雪秀冠,0,0,0, , 
23383,0,2,182,1351,0,0,0, 风抬雪秀袍,0,0,0, , 
23384,0,2,182,1352,0,0,0, 风抬雪秀腕,0,0,0, , 
23385,0,2,182,1353,0,0,0, 风抬雪秀履,0,0,0, , 
23386,0,2,182,1609,0,0,0, 画堂灵犀冠,0,0,0, , 
23387,0,2,182,1591,0,0,0, 画堂灵犀袍,0,0,0, , 
23388,0,2,182,1573,0,0,0, 画堂灵犀腕,0,0,0, , 
23389,0,2,182,1627,0,0,0, 画堂灵犀履,0,0,0, , 
23390,0,2,182,1354,0,0,0, 血手玲珑冠,0,0,0, , 
23391,0,2,182,1355,0,0,0, 血手玲珑袍,0,0,0, , 
23392,0,2,182,1356,0,0,0, 血手玲珑腕,0,0,0, , 
23393,0,2,182,1357,0,0,0, 血手玲珑履,0,0,0, , 
23394,0,2,182,7,0,0,0, 高唐镜,0,0,0, , 
23395,0,2,182,1418,0,0,0, 枭雄·黑天伞,0,0,0, , 
23396,0,2,182,1112,0,0,0, 霜天晓角冠,0,0,0, , 
23397,0,2,182,1113,0,0,0, 霜天晓角袍,0,0,0, , 
23398,0,2,182,1114,0,0,0, 霜天晓角腕,0,0,0, , 
23399,0,2,182,1115,0,0,0, 霜天晓角履,0,0,0, , 
23400,0,2,182,1168,0,0,0, 萧野争锋冠,0,0,0, , 
23401,0,2,182,1169,0,0,0, 萧野争锋袍,0,0,0, , 
23402,0,2,182,1170,0,0,0, 萧野争锋腕,0,0,0, , 
23403,0,2,182,1171,0,0,0, 萧野争锋履,0,0,0, , 
23404,0,2,182,62,0,0,0, 平明弓,0,0,0, , 
23405,0,2,182,1224,0,0,0, 搏虎屠龙,0,0,0, , 
23406,0,2,182,34,0,0,0, 江湖戮,0,0,0, , 
23407,0,2,182,44,0,0,0, 攻玉·羽擎羊,0,0,0, , 
23408,0,2,182,53,0,0,0, 猿猴飞,0,0,0, , 
23409,0,2,182,41,0,0,0, 刑天轮,0,0,0, , 
23410,0,2,182,1421,0,0,0, 枭雄·碎仙头,0,0,0, , 
23411,0,2,182,1424,0,0,0, 枭雄·丧血轮,0,0,0, , 
23412,0,2,182,1425,0,0,0, 枭雄·剁龙尾,0,0,0, , 
23413,0,2,182,1420,0,0,0, 枭雄·刮骨牌,0,0,0, , 
23414,0,2,182,1431,0,0,0, 枭雄·王侯业,0,0,0, , 
23415,0,2,182,1422,0,0,0, 枭雄·铜铃扣,0,0,0, , 
23416,0,2,182,1430,0,0,0, 枭雄·将军刀,0,0,0, , 
23417,0,2,182,48,0,0,0, 对勾镰,0,0,0, , 
23418,0,2,182,1423,0,0,0, 枭雄·凌心爪,0,0,0, , 
23419,0,2,182,1419,0,0,0, 枭雄·卷风龙,0,0,0, , 
23420,0,2,182,45,0,0,0, 攻玉·缚锁刺,0,0,0, , 
23421,0,2,182,770,0,0,0, 傩舞天煞冠,0,0,0, , 
23422,0,2,182,830,0,0,0, 傩舞天煞袍,0,0,0, , 
23423,0,2,182,890,0,0,0, 傩舞天煞腕,0,0,0, , 
23424,0,2,182,950,0,0,0, 傩舞天煞履,0,0,0, , 
23425,0,2,182,1610,0,0,0, 刀锋之华冠,0,0,0, , 
23426,0,2,182,1592,0,0,0, 刀锋之华袍,0,0,0, , 
23427,0,2,182,1574,0,0,0, 刀锋之华腕,0,0,0, , 
23428,0,2,182,1628,0,0,0, 刀锋之华履,0,0,0, , 
23429,0,2,182,1611,0,0,0, 战舞霜城冠,0,0,0, , 
23430,0,2,182,1593,0,0,0, 战舞霜城袍,0,0,0, , 
23431,0,2,182,1575,0,0,0, 战舞霜城腕,0,0,0, , 
23432,0,2,182,1629,0,0,0, 战舞霜城履,0,0,0, , 
23433,0,2,182,1410,0,0,0, 圆缺月·梧桐木,0,0,0, , 
23434,0,2,182,1413,0,0,0, 圆缺月·金镶玉,0,0,0, , 
23435,0,2,182,1412,0,0,0, 圆缺月·寒烟翠,0,0,0, , 
23436,0,2,182,1411,0,0,0, 圆缺月·暗霜华,0,0,0, , 
23437,0,2,182,1388,0,0,0, 笑嫣然,0,0,0, , 
23438,0,2,182,1387,0,0,0, 梦余香,0,0,0, , 
23439,0,2,182,401,0,0,0, 佳节·小儿郎,0,0,0, , 
23440,0,2,182,1345,0,0,0, 佳节·系菖蒲,0,0,0, , 
23441,0,2,182,761,0,0,0, 春水清茗冠,0,0,0, , 
23442,0,2,182,821,0,0,0, 春水清茗袍,0,0,0, , 
23443,0,2,182,881,0,0,0, 春水清茗腕,0,0,0, , 
23444,0,2,182,941,0,0,0, 春水清茗履,0,0,0, , 
23445,0,2,182,1341,0,0,0, 清夏灵均冠,0,0,0, , 
23446,0,2,182,1342,0,0,0, 清夏灵均袍,0,0,0, , 
23447,0,2,182,1343,0,0,0, 清夏灵均腕,0,0,0, , 
23448,0,2,182,1344,0,0,0, 清夏灵均履,0,0,0, , 
23449,0,2,182,1358,0,0,0, 一见钟情冠,0,0,0, , 
23450,0,2,182,1359,0,0,0, 一见钟情袍,0,0,0, , 
23451,0,2,182,1360,0,0,0, 一见钟情腕,0,0,0, , 
23452,0,2,182,1361,0,0,0, 一见钟情履,0,0,0, , 
23453,0,2,182,1442,0,0,0, 天煞·造化独尊,0,0,0, , 
23454,0,2,182,1440,0,0,0, 天煞·九龙至尊,0,0,0, , 
23455,0,2,182,1441,0,0,0, 天煞·龙战九霄,0,0,0, , 
23456,0,2,182,1245,0,0,0, 风浪天涯,0,0,0, , 
23457,0,2,182,1385,0,0,0, 君临·万里,0,0,0, , 
23458,0,2,182,1248,0,0,0, 清箫鸣凤,0,0,0, , 
23459,0,2,182,1386,0,0,0, 君临·龙吟,0,0,0, , 
23460,0,2,182,1239,0,0,0, 夜雨平明,0,0,0, , 
23461,0,2,182,1383,0,0,0, 君临·寒江,0,0,0, , 
23462,0,2,182,1242,0,0,0, 剑啸九州,0,0,0, , 
23463,0,2,182,1384,0,0,0, 君临·帝王,0,0,0, , 
23464,0,2,182,61,0,0,0, 攻玉·防草莽,0,0,0, , 
23465,0,2,182,1172,0,0,0, 淬羽华光,0,0,0, , 
23466,0,2,182,157,0,0,0, 逐草西戎冠,0,0,0, , 
23467,0,2,182,159,0,0,0, 逐草西戎袍,0,0,0, , 
23468,0,2,182,160,0,0,0, 逐草西戎腕,0,0,0, , 
23469,0,2,182,158,0,0,0, 逐草西戎履,0,0,0, , 
23470,0,2,182,1415,0,0,0, 拂情丝,0,0,0, , 
23471,0,2,182,1416,0,0,0, 玳瑁仙,0,0,0, , 
23472,0,2,182,1523,0,0,0, 灵殊·刹那清欢,0,0,0, , 
23473,0,2,182,1738,0,0,0, 灵韵·鹊上心头,0,0,0, , 
23474,0,2,182,1739,0,0,0, 战明妃·男,0,0,0, , 
23475,0,2,182,1740,0,0,0, 战明妃·女,0,0,0, , 
23476,0,2,182,1745,0,0,0, 圣绣·萧霜冠,0,0,0, , 
23477,0,2,182,1746,0,0,0, 圣绣·萧霜袍,0,0,0, , 
23478,0,2,182,1747,0,0,0, 圣绣·萧霜腕,0,0,0, , 
23479,0,2,182,1748,0,0,0, 圣绣·萧霜履,0,0,0, , 
23480,0,2,182,1741,0,0,0, 心王·抱春风冠,0,0,0, , 
23481,0,2,182,1742,0,0,0, 心王·抱春风袍,0,0,0, , 
23482,0,2,182,1743,0,0,0, 心王·抱春风腕,0,0,0, , 
23483,0,2,182,1744,0,0,0, 心王·抱春风履,0,0,0, , 
23484,0,2,182,1536,0,0,0, 圣绣·齐灵冠,0,0,0, , 
23485,0,2,182,1537,0,0,0, 圣绣·齐灵袍,0,0,0, , 
23486,0,2,182,1538,0,0,0, 圣绣·齐灵腕,0,0,0, , 
23487,0,2,182,1539,0,0,0, 圣绣·齐灵履,0,0,0, , 
23488,0,2,182,1152,0,0,0, 会饮征年冠,0,0,0, , 
23489,0,2,182,1153,0,0,0, 会饮征年袍,0,0,0, , 
23490,0,2,182,1154,0,0,0, 会饮征年腕,0,0,0, , 
23491,0,2,182,1155,0,0,0, 会饮征年履,0,0,0, , 
23492,0,2,182,1116,0,0,0, 流云金璧冠,0,0,0, , 
23493,0,2,182,1117,0,0,0, 流云金璧袍,0,0,0, , 
23494,0,2,182,1118,0,0,0, 流云金璧腕,0,0,0, , 
23495,0,2,182,1119,0,0,0, 流云金璧履,0,0,0, , 
23496,0,2,182,1089,0,0,0, 一曲菁华冠,0,0,0, , 
23497,0,2,182,1095,0,0,0, 一曲菁华袍,0,0,0, , 
23498,0,2,182,1101,0,0,0, 一曲菁华腕,0,0,0, , 
23499,0,2,182,1107,0,0,0, 一曲菁华履,0,0,0, , 
23500,0,2,182,149,0,0,0, 天邪鬼甲冠,0,0,0, , 
23501,0,2,182,151,0,0,0, 天邪鬼甲袍,0,0,0, , 
23502,0,2,182,152,0,0,0, 天邪鬼甲腕,0,0,0, , 
23503,0,2,182,150,0,0,0, 天邪鬼甲履,0,0,0, , 
23504,0,2,182,1310,0,0,0, 骊歌破阵冠,0,0,0, , 
23505,0,2,182,1311,0,0,0, 骊歌破阵甲,0,0,0, , 
23506,0,2,182,1312,0,0,0, 骊歌破阵腕,0,0,0, , 
23507,0,2,182,1313,0,0,0, 骊歌破阵履,0,0,0, , 
23508,0,2,182,1314,0,0,0, 诗音探花冠,0,0,0, , 
23509,0,2,182,1315,0,0,0, 诗音探花袍,0,0,0, , 
23510,0,2,182,1316,0,0,0, 诗音探花腕,0,0,0, , 
23511,0,2,182,1317,0,0,0, 诗音探花履,0,0,0, , 
23512,0,2,182,1326,0,0,0, 携玉霜刀冠,0,0,0, , 
23513,0,2,182,1327,0,0,0, 携玉霜刀袍,0,0,0, , 
23514,0,2,182,1328,0,0,0, 携玉霜刀腕,0,0,0, , 
23515,0,2,182,1329,0,0,0, 携玉霜刀履,0,0,0, , 
23516,0,2,182,5,0,0,0, 点石·新罗鼓,0,0,0, , 
23517,0,2,182,1417,0,0,0, 背锅侠,0,0,0, , 
23518,0,2,182,1510,0,0,0, 灵韵·蝶火梦烛,0,0,0, , 
23519,0,2,182,1558,0,0,0, 风华·彼岸,0,0,0, , 
23520,0,2,182,1758,0,0,0, 风华·听冰,0,0,0, , 
23521,0,2,182,1511,0,0,0, 吾爱听冰冠,0,0,0, , 
23522,0,2,182,362,0,0,0, 圣绣·南唐冠,0,0,0, , 
23523,0,2,182,363,0,0,0, 圣绣·南唐袍,0,0,0, , 
23524,0,2,182,364,0,0,0, 圣绣·南唐腕,0,0,0, , 
23525,0,2,182,365,0,0,0, 圣绣·南唐履,0,0,0, , 
23526,0,2,182,386,0,0,0, 人间梦华冠,0,0,0, , 
23527,0,2,182,387,0,0,0, 人间梦华袍,0,0,0, , 
23528,0,2,182,388,0,0,0, 人间梦华腕,0,0,0, , 
23529,0,2,182,389,0,0,0, 人间梦华履,0,0,0, , 
23530,0,2,182,1498,0,0,0, 圣绣·锦衣冠,0,0,0, , 
23531,0,2,182,1499,0,0,0, 圣绣·锦衣袍,0,0,0, , 
23532,0,2,182,1500,0,0,0, 圣绣·锦衣腕,0,0,0, , 
23533,0,2,182,1501,0,0,0, 圣绣·锦衣履,0,0,0, , 
23534,0,2,182,374,0,0,0, 心王·九曜冠,0,0,0, , 
23535,0,2,182,375,0,0,0, 心王·九曜袍,0,0,0, , 
23536,0,2,182,376,0,0,0, 心王·九曜腕,0,0,0, , 
23537,0,2,182,377,0,0,0, 心王·九曜履,0,0,0, , 
23538,0,2,182,1451,0,0,0, 圣绣·北辰冠,0,0,0, , 
23539,0,2,182,1452,0,0,0, 圣绣·北辰袍,0,0,0, , 
23540,0,2,182,1453,0,0,0, 圣绣·北辰腕,0,0,0, , 
23541,0,2,182,1454,0,0,0, 圣绣·北辰履,0,0,0, , 
23542,0,2,182,1554,0,0,0, 日月当空冠,0,0,0, , 
23543,0,2,182,1555,0,0,0, 日月当空袍,0,0,0, , 
23544,0,2,182,1556,0,0,0, 日月当空腕,0,0,0, , 
23545,0,2,182,1557,0,0,0, 日月当空履,0,0,0, , 
23546,0,2,182,1519,0,0,0, 心王·舒音冠,0,0,0, , 
23547,0,2,182,1520,0,0,0, 心王·舒音袍,0,0,0, , 
23548,0,2,182,1521,0,0,0, 心王·舒音腕,0,0,0, , 
23549,0,2,182,1522,0,0,0, 心王·舒音履,0,0,0, , 
23550,0,2,182,1378,0,0,0, 心王·独孤冠,0,0,0, , 
23551,0,2,182,1379,0,0,0, 心王·独孤袍,0,0,0, , 
23552,0,2,182,1380,0,0,0, 心王·独孤腕,0,0,0, , 
23553,0,2,182,1381,0,0,0, 心王·独孤履,0,0,0, , 
23554,0,2,182,1473,0,0,0, 雾隐雷藏冠,0,0,0, , 
23555,0,2,182,1474,0,0,0, 雾隐雷藏袍,0,0,0, , 
23556,0,2,182,1475,0,0,0, 雾隐雷藏腕,0,0,0, , 
23557,0,2,182,1476,0,0,0, 雾隐雷藏履,0,0,0, , 
23558,0,2,182,1187,0,0,0, 络云·紫,0,0,0, , 
23559,0,2,182,1189,0,0,0, 络云·绛,0,0,0, , 
23560,0,2,182,1185,0,0,0, 络云·粉,0,0,0, , 
23561,0,2,182,398,0,0,0, 络云·白,0,0,0, , 
23562,0,2,182,3,0,0,0, 斩佞臣,0,0,0, , 
23563,0,2,182,24,0,0,0, 枷首恶,0,0,0, , 
23564,0,2,182,4,0,0,0, 令如山,0,0,0, , 
23565,0,2,182,14,0,0,0, 御寒天,0,0,0, , 
23566,0,2,182,37,0,0,0, 裂天壤,0,0,0, , 
23567,0,2,182,57,0,0,0, 焦尾桐,0,0,0, , 
23568,0,2,182,58,0,0,0, 琼林笈,0,0,0, , 
23569,0,2,182,10,0,0,0, 汗青简,0,0,0, , 
23570,0,2,182,60,0,0,0, 摸金套,0,0,0, , 
23571,0,2,182,59,0,0,0, 花间铲,0,0,0, , 
23572,0,2,182,13,0,0,0, 浮云觞,0,0,0, , 
23573,0,2,182,141,0,0,0, 盛世烟华冠,0,0,0, , 
23574,0,2,182,143,0,0,0, 盛世烟华袍,0,0,0, , 
23575,0,2,182,144,0,0,0, 盛世烟华腕,0,0,0, , 
23576,0,2,182,142,0,0,0, 盛世烟华履,0,0,0, , 
23577,0,2,182,762,0,0,0, 曾慕多情冠,0,0,0, , 
23578,0,2,182,822,0,0,0, 曾慕多情袍,0,0,0, , 
23579,0,2,182,882,0,0,0, 曾慕多情腕,0,0,0, , 
23580,0,2,182,942,0,0,0, 曾慕多情履,0,0,0, , 
23581,0,2,182,1120,0,0,0, 雏燕明辉冠,0,0,0, , 
23582,0,2,182,1121,0,0,0, 雏燕明辉袍,0,0,0, , 
23583,0,2,182,1122,0,0,0, 雏燕明辉腕,0,0,0, , 
23584,0,2,182,1123,0,0,0, 雏燕明辉履,0,0,0, , 
23585,0,2,182,738,0,0,0, 画水微明冠,0,0,0, , 
23586,0,2,182,798,0,0,0, 画水微明袍,0,0,0, , 
23587,0,2,182,858,0,0,0, 画水微明腕,0,0,0, , 
23588,0,2,182,918,0,0,0, 画水微明履,0,0,0, , 
23589,0,2,182,744,0,0,0, 飞凤苗银冠,0,0,0, , 
23590,0,2,182,804,0,0,0, 飞凤苗银袍,0,0,0, , 
23591,0,2,182,864,0,0,0, 飞凤苗银腕,0,0,0, , 
23592,0,2,182,924,0,0,0, 飞凤苗银履,0,0,0, , 
23593,0,2,182,1194,0,0,0, 轻梅映雪冠,0,0,0, , 
23594,0,2,182,1200,0,0,0, 轻梅映雪袍,0,0,0, , 
23595,0,2,182,1206,0,0,0, 轻梅映雪腕,0,0,0, , 
23596,0,2,182,1212,0,0,0, 轻梅映雪履,0,0,0, , 
23597,0,2,182,732,0,0,0, 琼宫弄月冠,0,0,0, , 
23598,0,2,182,792,0,0,0, 琼宫弄月袍,0,0,0, , 
23599,0,2,182,852,0,0,0, 琼宫弄月腕,0,0,0, , 
23600,0,2,182,912,0,0,0, 琼宫弄月履,0,0,0, , 
23601,0,2,182,714,0,0,0, 剑啸寒川冠,0,0,0, , 
23602,0,2,182,774,0,0,0, 剑啸寒川袍,0,0,0, , 
23603,0,2,182,834,0,0,0, 剑啸寒川腕,0,0,0, , 
23604,0,2,182,894,0,0,0, 剑啸寒川履,0,0,0, , 
23605,0,2,182,720,0,0,0, 勇冠三军冠,0,0,0, , 
23606,0,2,182,780,0,0,0, 勇冠三军袍,0,0,0, , 
23607,0,2,182,840,0,0,0, 勇冠三军腕,0,0,0, , 
23608,0,2,182,900,0,0,0, 勇冠三军履,0,0,0, , 
23609,0,2,182,1604,0,0,0, 刀锋易冷冠,0,0,0, , 
23610,0,2,182,1586,0,0,0, 刀锋易冷袍,0,0,0, , 
23611,0,2,182,1568,0,0,0, 刀锋易冷腕,0,0,0, , 
23612,0,2,182,1622,0,0,0, 刀锋易冷履,0,0,0, , 
23613,0,2,182,726,0,0,0, 侠骨多情冠,0,0,0, , 
23614,0,2,182,786,0,0,0, 侠骨多情袍,0,0,0, , 
23615,0,2,182,846,0,0,0, 侠骨多情腕,0,0,0, , 
23616,0,2,182,906,0,0,0, 侠骨多情履,0,0,0, , 
23617,0,2,182,739,0,0,0, 澹云未雨冠,0,0,0, , 
23618,0,2,182,799,0,0,0, 澹云未雨袍,0,0,0, , 
23619,0,2,182,859,0,0,0, 澹云未雨腕,0,0,0, , 
23620,0,2,182,919,0,0,0, 澹云未雨履,0,0,0, , 
23621,0,2,182,745,0,0,0, 彩雉青纹冠,0,0,0, , 
23622,0,2,182,805,0,0,0, 彩雉青纹袍,0,0,0, , 
23623,0,2,182,865,0,0,0, 彩雉青纹腕,0,0,0, , 
23624,0,2,182,925,0,0,0, 彩雉青纹履,0,0,0, , 
23625,0,2,182,1195,0,0,0, 暮语亭兰冠,0,0,0, , 
23626,0,2,182,1201,0,0,0, 暮语亭兰袍,0,0,0, , 
23627,0,2,182,1207,0,0,0, 暮语亭兰腕,0,0,0, , 
23628,0,2,182,1213,0,0,0, 暮语亭兰履,0,0,0, , 
23629,0,2,182,733,0,0,0, 俪影飞星冠,0,0,0, , 
23630,0,2,182,793,0,0,0, 俪影飞星袍,0,0,0, , 
23631,0,2,182,853,0,0,0, 俪影飞星腕,0,0,0, , 
23632,0,2,182,913,0,0,0, 俪影飞星履,0,0,0, , 
23633,0,2,182,715,0,0,0, 秦风唱晚冠,0,0,0, , 
23634,0,2,182,775,0,0,0, 秦风唱晚袍,0,0,0, , 
23635,0,2,182,835,0,0,0, 秦风唱晚腕,0,0,0, , 
23636,0,2,182,895,0,0,0, 秦风唱晚履,0,0,0, , 
23637,0,2,182,721,0,0,0, 扬沙万里冠,0,0,0, , 
23638,0,2,182,781,0,0,0, 扬沙万里袍,0,0,0, , 
23639,0,2,182,841,0,0,0, 扬沙万里腕,0,0,0, , 
23640,0,2,182,901,0,0,0, 扬沙万里履,0,0,0, , 
23641,0,2,182,1605,0,0,0, 长空寄情冠,0,0,0, , 
23642,0,2,182,1587,0,0,0, 长空寄情袍,0,0,0, , 
23643,0,2,182,1569,0,0,0, 长空寄情腕,0,0,0, , 
23644,0,2,182,1623,0,0,0, 长空寄情履,0,0,0, , 
23645,0,2,182,727,0,0,0, 醉打西风冠,0,0,0, , 
23646,0,2,182,787,0,0,0, 醉打西风袍,0,0,0, , 
23647,0,2,182,847,0,0,0, 醉打西风腕,0,0,0, , 
23648,0,2,182,907,0,0,0, 醉打西风履,0,0,0, , 
23649,0,2,182,740,0,0,0, 拂雨冲云冠,0,0,0, , 
23650,0,2,182,800,0,0,0, 拂雨冲云袍,0,0,0, , 
23651,0,2,182,860,0,0,0, 拂雨冲云腕,0,0,0, , 
23652,0,2,182,920,0,0,0, 拂雨冲云履,0,0,0, , 
23653,0,2,182,746,0,0,0, 掩海遮风冠,0,0,0, , 
23654,0,2,182,806,0,0,0, 掩海遮风袍,0,0,0, , 
23655,0,2,182,866,0,0,0, 掩海遮风腕,0,0,0, , 
23656,0,2,182,926,0,0,0, 掩海遮风履,0,0,0, , 
23657,0,2,182,1196,0,0,0, 芳姿盈袖冠,0,0,0, , 
23658,0,2,182,1202,0,0,0, 芳姿盈袖袍,0,0,0, , 
23659,0,2,182,1208,0,0,0, 芳姿盈袖腕,0,0,0, , 
23660,0,2,182,1214,0,0,0, 芳姿盈袖履,0,0,0, , 
23661,0,2,182,734,0,0,0, 寒影追魂冠,0,0,0, , 
23662,0,2,182,794,0,0,0, 寒影追魂袍,0,0,0, , 
23663,0,2,182,854,0,0,0, 寒影追魂腕,0,0,0, , 
23664,0,2,182,914,0,0,0, 寒影追魂履,0,0,0, , 
23665,0,2,182,722,0,0,0, 扬名千秋冠,0,0,0, , 
23666,0,2,182,782,0,0,0, 扬名千秋袍,0,0,0, , 
23667,0,2,182,842,0,0,0, 扬名千秋腕,0,0,0, , 
23668,0,2,182,902,0,0,0, 扬名千秋履,0,0,0, , 
23669,0,2,182,1606,0,0,0, 掩日风尘冠,0,0,0, , 
23670,0,2,182,1588,0,0,0, 掩日风尘袍,0,0,0, , 
23671,0,2,182,1570,0,0,0, 掩日风尘腕,0,0,0, , 
23672,0,2,182,1624,0,0,0, 掩日风尘履,0,0,0, , 
23673,0,2,182,728,0,0,0, 醉卷黄河冠,0,0,0, , 
23674,0,2,182,788,0,0,0, 醉卷黄河袍,0,0,0, , 
23675,0,2,182,848,0,0,0, 醉卷黄河腕,0,0,0, , 
23676,0,2,182,908,0,0,0, 醉卷黄河履,0,0,0, , 
23677,0,2,182,161,0,0,0, 乱世孤魂冠,0,0,0, , 
23678,0,2,182,163,0,0,0, 乱世孤魂袍,0,0,0, , 
23679,0,2,182,164,0,0,0, 乱世孤魂腕,0,0,0, , 
23680,0,2,182,162,0,0,0, 乱世孤魂履,0,0,0, , 
23681,0,2,182,716,0,0,0, 朔风吟月冠,0,0,0, , 
23682,0,2,182,776,0,0,0, 朔风吟月袍,0,0,0, , 
23683,0,2,182,836,0,0,0, 朔风吟月腕,0,0,0, , 
23684,0,2,182,896,0,0,0, 朔风吟月履,0,0,0, , 
23685,0,2,182,1173,0,0,0, 淬羽华光,0,0,0, , 
23686,0,2,188,118,1,0,0, 男 | 吹雪霓裳：色相102、饱和度45,0,0,0, , 
23687,0,2,188,128,2,0,0, 男 | 人间梦华：色相157,0,0,0, , 
23688,0,2,188,129,3,0,0, 男 | 圣绣·无缺：色相102、饱和度180,0,0,0, , 
23689,0,2,188,130,4,0,0, 男 | 圣绣·素问：色相4、饱和度180,0,0,0, , 
23690,0,2,188,134,5,0,0, 男 | 圣绣·从龙：色相104、饱和度180,0,0,0, , 
23691,0,2,188,135,6,0,0, 男 | 心王·逆鳞：色相102、饱和度180,0,0,0, , 
23692,0,2,188,136,7,0,0, 男 | 心王·九曜：色相2、饱和度147,0,0,0, , 
23693,0,2,188,143,8,0,0, 男 | 圣绣·袭光：色相99$$饱和度180,0,0,0, , 
23694,0,2,188,152,9,0,0, 男 | 圣绣·冰云：色相4、饱和度180,0,0,0, , 
23695,0,2,188,153,10,0,0, 男 | 心王·蝶衣：色相178,0,0,0, , 
23696,0,2,188,156,11,0,0, 男 | 心王·翎羽：色相176、饱和度180,0,0,0, , 
23697,0,2,188,157,12,0,0, 男 | 圣绣·明霞：色相100,0,0,0, , 
23698,0,2,188,161,13,0,0, 男 | 雾隐雷藏：色相21、饱和度81,0,0,0, , 
23699,0,2,188,163,14,0,0, 男 | 圣绣·琅琊：色相106,0,0,0, , 
23700,0,2,188,162,15,0,0, 男 | 圣绣·清甜：色相174、饱和度114,0,0,0, , 
23701,0,2,188,164,16,0,0, 男 | 圣绣·雪影：色相78,0,0,0, , 
23702,0,2,188,165,17,0,0, 男 | 心王·相见欢：色相107,0,0,0, , 
23703,0,2,188,166,18,0,0, 男 | 圣绣·锦衣：色相101、饱和度180,0,0,0, , 
23704,0,2,188,167,19,0,0, 男 | 心王·听风：色相109、饱和度180,0,0,0, , 
23705,0,2,188,168,20,0,0, 男 | 圣绣·随云：色相176、饱和度180,0,0,0, , 
23706,0,2,188,169,21,0,0, 男 | 心王·舒音：色相105、饱和度180,0,0,0, , 
23707,0,2,188,170,22,0,0, 男 | 圣绣·骊珠：色相178、饱和度180,0,0,0, , 
23708,0,2,188,171,23,0,0, 男 | 圣绣·落梅：色相108、饱和度116,0,0,0, , 
23709,0,2,188,172,24,0,0, 男 | 圣绣·齐灵：色相113,0,0,0, , 
23710,0,2,188,173,25,0,0, 男 | 心王·入君怀：色相107、饱和度120,0,0,0, , 
23711,0,2,188,174,26,0,0, 男 | 天羽含光：色相177、饱和度180,0,0,0, , 
23712,0,2,188,175,27,0,0, 男 | 圣绣·空明：色相101、饱和度128,0,0,0, , 
23713,0,2,188,176,28,0,0, 男 | 日月当空：色相105,0,0,0, , 
23714,0,2,188,195,29,0,0, 男 | 心王·抱春风：色相112,0,0,0, , 
23715,0,2,188,196,30,0,0, 男 | 圣绣·萧霜：色相90、饱和度180,0,0,0, , 
23716,0,2,189,118,288,0,0, 吹雪霓裳金色,0,0,0, , 
23717,0,2,189,118,293,0,0, 吹雪霓裳金色,0,0,0, , 
23718,0,2,189,128,54,0,0, 人间梦华蓝色,0,0,0, , 
23719,0,2,189,128,5,0,0, 人间梦华蓝色,0,0,0, , 
23720,0,2,189,129,238,0,0, 圣绣·无缺,0,0,0, , 
23721,0,2,189,129,244,0,0, 圣绣·无缺,0,0,0, , 
23722,0,2,189,130,32,0,0, 圣绣·素问,0,0,0, , 
23723,0,2,189,130,8,0,0, 圣绣·素问,0,0,0, , 
23724,0,2,189,134,159,0,0, 圣绣·从龙,0,0,0, , 
23725,0,2,189,134,182,0,0, 圣绣·从龙,0,0,0, , 
23726,0,2,189,135,155,0,0, 心王·逆鳞,0,0,0, , 
23727,0,2,189,135,176,0,0, 心王·逆鳞,0,0,0, , 
23728,0,2,189,136,117,0,0, 心王·九曜,0,0,0, , 
23729,0,2,189,136,135,0,0, 心王·九曜,0,0,0, , 
23730,0,2,189,143,35,0,0, 圣绣·袭光,0,0,0, , 
23731,0,2,189,143,0,0,0, 圣绣·袭光,0,0,0, , 
23732,0,2,189,152,48,0,0, 圣绣·冰云,0,0,0, , 
23733,0,2,189,152,25,0,0, 圣绣·冰云,0,0,0, , 
23734,0,2,189,153,38,0,0, 心王·蝶衣,0,0,0, , 
23735,0,2,189,153,16,0,0, 心王·蝶衣,0,0,0, , 
23736,0,2,189,156,355,0,0, 心王·翎羽,0,0,0, , 
23737,0,2,189,156,361,0,0, 心王·翎羽,0,0,0, , 
23738,0,2,189,157,234,0,0, 圣绣·明霞,0,0,0, , 
23739,0,2,189,157,236,0,0, 圣绣·明霞,0,0,0, , 
23740,0,2,189,161,347,0,0, 雾隐雷藏,0,0,0, , 
23741,0,2,189,161,353,0,0, 雾隐雷藏,0,0,0, , 
23742,0,2,189,163,105,0,0, 圣绣·琅琊,0,0,0, , 
23743,0,2,189,163,125,0,0, 圣绣·琅琊,0,0,0, , 
23744,0,2,189,162,212,0,0, 圣绣·清甜,0,0,0, , 
23745,0,2,189,162,228,0,0, 圣绣·清甜,0,0,0, , 
23746,0,2,189,164,210,0,0, 圣绣·雪影,0,0,0, , 
23747,0,2,189,164,226,0,0, 圣绣·雪影,0,0,0, , 
23748,0,2,189,165,45,0,0, 心王·相见欢,0,0,0, , 
23749,0,2,189,165,13,0,0, 心王·相见欢,0,0,0, , 
23750,0,2,189,166,84,0,0, 圣绣·锦衣,0,0,0, , 
23751,0,2,189,166,76,0,0, 圣绣·锦衣,0,0,0, , 
23752,0,2,189,167,61,0,0, 心王·听风,0,0,0, , 
23753,0,2,189,167,73,0,0, 心王·听风,0,0,0, , 
23754,0,2,189,168,191,0,0, 圣绣·随云,0,0,0, , 
23755,0,2,189,168,183,0,0, 圣绣·随云,0,0,0, , 
23756,0,2,189,169,187,0,0, 心王·舒音,0,0,0, , 
23757,0,2,189,169,195,0,0, 心王·舒音,0,0,0, , 
23758,0,2,189,170,88,0,0, 圣绣·骊珠,0,0,0, , 
23759,0,2,189,170,94,0,0, 圣绣·骊珠,0,0,0, , 
23760,0,2,189,171,98,0,0, 圣绣·落梅,0,0,0, , 
23761,0,2,189,171,92,0,0, 圣绣·落梅,0,0,0, , 
23762,0,2,189,172,300,0,0, 圣绣·齐灵,0,0,0, , 
23763,0,2,189,172,306,0,0, 圣绣·齐灵,0,0,0, , 
23764,0,2,189,173,278,0,0, 心王·入君怀,0,0,0, , 
23765,0,2,189,173,284,0,0, 心王·入君怀,0,0,0, , 
23766,0,2,189,174,313,0,0, 天羽含光,0,0,0, , 
23767,0,2,189,174,307,0,0, 天羽含光,0,0,0, , 
23768,0,2,189,175,319,0,0, 圣绣·空明,0,0,0, , 
23769,0,2,189,175,325,0,0, 圣绣·空明,0,0,0, , 
23770,0,2,189,176,335,0,0, 日月当空,0,0,0, , 
23771,0,2,189,176,341,0,0, 日月当空,0,0,0, , 
23772,0,2,189,195,250,0,0, 心王·抱春风,0,0,0, , 
23773,0,2,189,195,256,0,0, 心王·抱春风,0,0,0, , 
23774,0,2,189,196,262,0,0, 圣绣·萧霜,0,0,0, , 
23775,0,2,189,196,268,0,0, 圣绣·萧霜,0,0,0, , 
23776,0,0,5,2490091,0,0,0, 丰彩消耗,0,0,0, , 
23777,0,0,5,2490092,0,0,0, 瑶光消耗,0,0,0, , 
23778,0,0,5,2490094,0,0,0, 蓝瓷消耗,0,0,0, , 
23779,0,0,5,2490093,0,0,0, 红烬消耗,0,0,0, , 
23780,0,0,5,2490095,0,0,0, 雪练消耗,0,0,0, , 
23781,0,0,5,2490152,0,0,0, 竹青消耗,0,0,0, , 
23782,0,0,5,2490153,0,0,0, 金莹消耗,0,0,0, , 
23783,0,0,5,2490154,0,0,0, 玄夜消耗,0,0,0, , 
23926,0,2,182,1753,0,0,0, 圣绣·兰亭冠,0,0,0, , 
23927,0,2,182,1754,0,0,0, 圣绣·兰亭袍,0,0,0, , 
23928,0,2,182,1755,0,0,0, 圣绣·兰亭腕,0,0,0, , 
23929,0,2,182,1756,0,0,0, 圣绣·兰亭履,0,0,0, , 
23930,0,2,182,1762,0,0,0, 圣绣·月魂冠,0,0,0, , 
23931,0,2,182,1763,0,0,0, 圣绣·月魂袍,0,0,0, , 
23932,0,2,182,1764,0,0,0, 圣绣·月魂腕,0,0,0, , 
23933,0,2,182,1765,0,0,0, 圣绣·月魂履,0,0,0, , 
23934,0,2,182,1766,0,0,0, 圣绣·秦王冠,0,0,0, , 
23935,0,2,182,1767,0,0,0, 圣绣·秦王袍,0,0,0, , 
23936,0,2,182,1768,0,0,0, 圣绣·秦王腕,0,0,0, , 
23937,0,2,182,1769,0,0,0, 圣绣·秦王履,0,0,0, , 
23938,0,2,182,1814,0,0,0, 心王·锦鲤抄冠,0,0,0, , 
23939,0,2,182,1815,0,0,0, 心王·锦鲤抄袍,0,0,0, , 
23940,0,2,182,1816,0,0,0, 心王·锦鲤抄腕,0,0,0, , 
23941,0,2,182,1817,0,0,0, 心王·锦鲤抄履,0,0,0, , 
23942,0,2,182,1808,0,0,0, 唤鲤·琴,0,0,0, , 
23943,0,2,182,1809,0,0,0, 唤鲤·荷,0,0,0, , 
23944,0,2,182,1810,0,0,0, 圣绣·青萝冠,0,0,0, , 
23945,0,2,182,1811,0,0,0, 圣绣·青萝袍,0,0,0, , 
23946,0,2,182,1812,0,0,0, 圣绣·青萝腕,0,0,0, , 
23947,0,2,182,1813,0,0,0, 圣绣·青萝履,0,0,0, , 
23948,0,2,182,1750,0,0,0, 风华·枭王,0,0,0, , 
23949,0,2,182,1749,0,0,0, 吾爱·枭王,0,0,0, , 
23950,0,2,182,1751,0,0,0, 灵殊·朝颜吹雨,0,0,0, , 
23951,0,2,182,1807,0,0,0, 灵韵·千灯之羽,0,0,0, , 
23952,0,2,188,118,31,0,0, 女 | 吹雪霓裳：色相102、饱和度45,0,0,0, , 
23953,0,2,188,128,32,0,0, 女 | 人间梦华：色相157,0,0,0, , 
23954,0,2,188,129,33,0,0, 女 | 圣绣·无缺：色相102、饱和度180,0,0,0, , 
23955,0,2,188,130,34,0,0, 女 | 圣绣·素问：色相4、饱和度180,0,0,0, , 
23956,0,2,188,134,35,0,0, 女 | 圣绣·从龙：色相104、饱和度180,0,0,0, , 
23957,0,2,188,135,36,0,0, 女 | 心王·逆鳞：色相102、饱和度180,0,0,0, , 
23958,0,2,188,136,37,0,0, 女 | 心王·九曜：色相2、饱和度147,0,0,0, , 
23959,0,2,188,143,38,0,0, 女 | 圣绣·袭光：色相99$$饱和度180,0,0,0, , 
23960,0,2,188,152,39,0,0, 女 | 圣绣·冰云：色相4、饱和度180,0,0,0, , 
23961,0,2,188,153,40,0,0, 女 | 心王·蝶衣：色相178,0,0,0, , 
23962,0,2,188,156,41,0,0, 女 | 心王·翎羽：色相176、饱和度180,0,0,0, , 
23963,0,2,188,157,42,0,0, 女 | 圣绣·明霞：色相100,0,0,0, , 
23964,0,2,188,161,43,0,0, 女 | 雾隐雷藏：色相21、饱和度81,0,0,0, , 
23965,0,2,188,163,44,0,0, 女 | 圣绣·琅琊：色相106,0,0,0, , 
23966,0,2,188,162,45,0,0, 女 | 圣绣·清甜：色相174、饱和度114,0,0,0, , 
23967,0,2,188,164,46,0,0, 女 | 圣绣·雪影：色相78,0,0,0, , 
23968,0,2,188,165,47,0,0, 女 | 心王·相见欢：色相107,0,0,0, , 
23969,0,2,188,166,48,0,0, 女 | 圣绣·锦衣：色相101、饱和度180,0,0,0, , 
23970,0,2,188,167,49,0,0, 女 | 心王·听风：色相109、饱和度180,0,0,0, , 
23971,0,2,188,168,50,0,0, 女 | 圣绣·随云：色相176、饱和度180,0,0,0, , 
23972,0,2,188,169,51,0,0, 女 | 心王·舒音：色相105、饱和度180,0,0,0, , 
23973,0,2,188,170,52,0,0, 女 | 圣绣·骊珠：色相178、饱和度180,0,0,0, , 
23974,0,2,188,171,53,0,0, 女 | 圣绣·落梅：色相108、饱和度116,0,0,0, , 
23975,0,2,188,172,54,0,0, 女 | 圣绣·齐灵：色相113,0,0,0, , 
23976,0,2,188,173,55,0,0, 女 | 心王·入君怀：色相107、饱和度120,0,0,0, , 
23977,0,2,188,174,56,0,0, 女 | 天羽含光：色相177、饱和度180,0,0,0, , 
23978,0,2,188,175,57,0,0, 女 | 圣绣·空明：色相101、饱和度128,0,0,0, , 
23979,0,2,188,176,58,0,0, 女 | 日月当空：色相105,0,0,0, , 
23980,0,2,188,195,59,0,0, 女 | 心王·抱春风：色相112,0,0,0, , 
23981,0,2,188,196,60,0,0, 女 | 圣绣·萧霜：色相90、饱和度180,0,0,0, , 
23982,0,2,182,1809,0,0,0, 唤鲤·荷,0,0,0, , 
23983,0,2,182,1808,0,0,0, 唤鲤·琴,0,0,0, , 
23984,0,2,182,1540,0,0,0, 灵殊·小可人儿,0,0,0, , 
23985,0,2,182,1437,0,0,0, 灵殊·山中岁月,0,0,0, , 
23986,0,2,182,1821,0,0,0, 圣绣·莫言冠,0,0,0, , 
23987,0,2,182,1822,0,0,0, 圣绣·莫言袍,0,0,0, , 
23988,0,2,182,1823,0,0,0, 圣绣·莫言腕,0,0,0, , 
23989,0,2,182,1824,0,0,0, 圣绣·莫言履,0,0,0, , 
23990,0,2,182,1752,0,0,0, 灵殊·灵殊·月满帘栊,0,0,0, , 
23991,0,2,182,1831,0,0,0, 孤鸿踏雪冠,0,0,0, , 
23992,0,2,182,1832,0,0,0, 孤鸿踏雪袍,0,0,0, , 
23993,0,2,182,1833,0,0,0, 孤鸿踏雪腕,0,0,0, , 
23994,0,2,182,1834,0,0,0, 孤鸿踏雪履,0,0,0, , 
23995,0,2,182,1770,0,0,0, 心王·明妆冠,0,0,0, , 
23996,0,2,182,1771,0,0,0, 心王·明妆袍,0,0,0, , 
23997,0,2,182,1772,0,0,0, 心王·明妆腕,0,0,0, , 
23998,0,2,182,1773,0,0,0, 心王·明妆履,0,0,0, , 
23999,0,2,182,1863,0,0,0, 圣绣·倾城冠,0,0,0, , 
24000,0,2,182,1864,0,0,0, 圣绣·倾城袍,0,0,0, , 
24001,0,2,182,1865,0,0,0, 圣绣·倾城腕,0,0,0, , 
24002,0,2,182,1866,0,0,0, 圣绣·倾城履,0,0,0, , 
24003,0,2,182,1806,0,0,0, 灵殊·芳野随风,0,0,0, , 
24004,0,2,182,1854,0,0,0, 君莫忘·男,0,0,0, , 
24005,0,2,182,1855,0,0,0, 君莫忘·女,0,0,0, , 
24006,0,2,182,1859,0,0,0, 沧海烟霞冠,0,0,0, , 
24007,0,2,182,1860,0,0,0, 沧海烟霞袍,0,0,0, , 
24008,0,2,182,1861,0,0,0, 沧海烟霞腕,0,0,0, , 
24009,0,2,182,1862,0,0,0, 沧海烟霞履,0,0,0, , 
24010,0,2,182,1835,0,0,0, 灵殊·缘冰之弦,0,0,0, , 
24011,0,2,182,1827,0,0,0, 圣绣·玉京冠,0,0,0, , 
24012,0,2,182,1828,0,0,0, 圣绣·玉京袍,0,0,0, , 
24013,0,2,182,1829,0,0,0, 圣绣·玉京腕,0,0,0, , 
24014,0,2,182,1830,0,0,0, 圣绣·玉京履,0,0,0, , 
24015,0,2,182,1826,0,0,0, 灵殊·我爱果果,0,0,0, , 
24016,0,2,182,1840,0,0,0, 心王·小红娘冠,0,0,0, , 
24017,0,2,182,1841,0,0,0, 心王·小红娘袍,0,0,0, , 
24018,0,2,182,1842,0,0,0, 心王·小红娘腕,0,0,0, , 
24019,0,2,182,1843,0,0,0, 心王·小红娘履,0,0,0, , 
24020,0,2,182,1867,0,0,0, 芳姿·天华冠,0,0,0, , 
24021,0,2,182,1868,0,0,0, 芳姿·天华袍,0,0,0, , 
24022,0,2,182,1869,0,0,0, 芳姿·天华腕,0,0,0, , 
24023,0,2,182,1870,0,0,0, 芳姿·天华履,0,0,0, , 
24024,0,2,182,1873,0,0,0, 圣绣·九歌冠,0,0,0, , 
24025,0,2,182,1874,0,0,0, 圣绣·九歌袍,0,0,0, , 
24026,0,2,182,1875,0,0,0, 圣绣·九歌腕,0,0,0, , 
24027,0,2,182,1876,0,0,0, 圣绣·九歌履,0,0,0, , 
24028,0,2,182,1871,0,0,0, 月边音,0,0,0, , 
24029,0,2,182,1877,0,0,0, 风华·琅嬛,0,0,0, , 
24030,0,2,182,1878,0,0,0, 冰心无垢冠,0,0,0, , 
24031,0,2,182,1879,0,0,0, 冰心无垢袍,0,0,0, , 
24032,0,2,182,1880,0,0,0, 冰心无垢腕,0,0,0, , 
24033,0,2,182,1881,0,0,0, 冰心无垢履,0,0,0, , 
24034,0,2,182,1990,0,0,0, 金蝉衣·男,0,0,0, , 
24035,0,2,182,1991,0,0,0, 金蝉衣·女,0,0,0, , 
24036,0,2,182,2004,0,0,0, 心王·陌上花冠,0,0,0, , 
24037,0,2,182,2005,0,0,0, 心王·陌上花袍,0,0,0, , 
24038,0,2,182,2006,0,0,0, 心王·陌上花腕,0,0,0, , 
24039,0,2,182,2007,0,0,0, 心王·陌上花履,0,0,0, , 
24040,0,2,182,2008,0,0,0, 灵殊·幽帘疏芳,0,0,0, , 
24041,0,2,182,2018,0,0,0, 灵殊·梦未央,0,0,0, , 
24042,0,2,182,2013,0,0,0, 灵韵·星辰之力,0,0,0, , 
24043,0,2,182,2014,0,0,0, 天龙破阵冠,0,0,0, , 
24044,0,2,182,2015,0,0,0, 天龙破阵袍,0,0,0, , 
24045,0,2,182,2016,0,0,0, 天龙破阵腕,0,0,0, , 
24046,0,2,182,2017,0,0,0, 天龙破阵履,0,0,0, , 
24047,0,2,182,1993,0,0,0, 寻疏影,0,0,0, , 
24048,0,2,182,1994,0,0,0, 忆南风,0,0,0, , 
24049,0,2,182,1908,0,0,0, 定海潮,0,0,0, , 
24050,0,2,182,1900,0,0,0, 碧水青鸾冠,0,0,0, , 
24051,0,2,182,1901,0,0,0, 碧水青鸾袍,0,0,0, , 
24052,0,2,182,1902,0,0,0, 碧水青鸾腕,0,0,0, , 
24053,0,2,182,1903,0,0,0, 碧水青鸾履,0,0,0, , 
24054,0,2,182,1937,0,0,0, 武道·雪魄尘光冠,0,0,0, , 
24055,0,2,182,1929,0,0,0, 武道·雪魄尘光袍,0,0,0, , 
24056,0,2,182,1921,0,0,0, 武道·雪魄尘光腕,0,0,0, , 
24057,0,2,182,1945,0,0,0, 武道·雪魄尘光履,0,0,0, , 
24058,0,2,182,1938,0,0,0, 武道·瀚海驰骋冠,0,0,0, , 
24059,0,2,182,1930,0,0,0, 武道·瀚海驰骋袍,0,0,0, , 
24060,0,2,182,1922,0,0,0, 武道·瀚海驰骋腕,0,0,0, , 
24061,0,2,182,1946,0,0,0, 武道·瀚海驰骋履,0,0,0, , 
24062,0,2,182,1939,0,0,0, 武道·独酌天下冠,0,0,0, , 
24063,0,2,182,1931,0,0,0, 武道·独酌天下袍,0,0,0, , 
24064,0,2,182,1923,0,0,0, 武道·独酌天下腕,0,0,0, , 
24065,0,2,182,1947,0,0,0, 武道·独酌天下履,0,0,0, , 
24066,0,2,182,1940,0,0,0, 武道·风露霜晨冠,0,0,0, , 
24067,0,2,182,1932,0,0,0, 武道·风露霜晨袍,0,0,0, , 
24068,0,2,182,1924,0,0,0, 武道·风露霜晨腕,0,0,0, , 
24069,0,2,182,1948,0,0,0, 武道·风露霜晨履,0,0,0, , 
24070,0,2,182,1941,0,0,0, 武道·神机韬略冠,0,0,0, , 
24071,0,2,182,1933,0,0,0, 武道·神机韬略袍,0,0,0, , 
24072,0,2,182,1925,0,0,0, 武道·神机韬略腕,0,0,0, , 
24073,0,2,182,1949,0,0,0, 武道·神机韬略履,0,0,0, , 
24074,0,2,182,1942,0,0,0, 武道·臻姿凤仪冠,0,0,0, , 
24075,0,2,182,1934,0,0,0, 武道·臻姿凤仪袍,0,0,0, , 
24076,0,2,182,1926,0,0,0, 武道·臻姿凤仪腕,0,0,0, , 
24077,0,2,182,1950,0,0,0, 武道·臻姿凤仪履,0,0,0, , 
24078,0,2,182,1943,0,0,0, 武道·枫香泪雨冠,0,0,0, , 
24079,0,2,182,1935,0,0,0, 武道·枫香泪雨袍,0,0,0, , 
24080,0,2,182,1927,0,0,0, 武道·枫香泪雨腕,0,0,0, , 
24081,0,2,182,1951,0,0,0, 武道·枫香泪雨履,0,0,0, , 
24082,0,2,182,1944,0,0,0, 武道·永夜杀神冠,0,0,0, , 
24083,0,2,182,1936,0,0,0, 武道·永夜杀神袍,0,0,0, , 
24084,0,2,182,1928,0,0,0, 武道·永夜杀神腕,0,0,0, , 
24085,0,2,182,1952,0,0,0, 武道·永夜杀神履,0,0,0, , 
24086,0,2,182,1496,0,0,0, 财神袋,0,0,0, , 
24087,0,2,182,421,0,0,0, 任平生,0,0,0, , 
24088,0,2,182,1136,0,0,0, 幻雨萦云冠,0,0,0, , 
24089,0,2,182,1137,0,0,0, 幻雨萦云袍,0,0,0, , 
24090,0,2,182,1139,0,0,0, 幻雨萦云履,0,0,0, , 
24091,0,2,182,1138,0,0,0, 幻雨萦云腕,0,0,0, , 
24092,0,2,182,1132,0,0,0, 秋萤绕屏冠,0,0,0, , 
24093,0,2,182,1133,0,0,0, 秋萤绕屏袍,0,0,0, , 
24094,0,2,182,1135,0,0,0, 秋萤绕屏履,0,0,0, , 
24095,0,2,182,1134,0,0,0, 秋萤绕屏腕,0,0,0, , 
24096,0,2,182,765,0,0,0, 瀚海青龙冠,0,0,0, , 
24097,0,2,182,825,0,0,0, 瀚海青龙袍,0,0,0, , 
24098,0,2,182,945,0,0,0, 瀚海青龙履,0,0,0, , 
24099,0,2,182,885,0,0,0, 瀚海青龙腕,0,0,0, , 
24100,0,2,182,405,0,0,0, 叮铃铃,0,0,0, , 
24101,0,2,182,427,0,0,0, 攻玉·小星星,0,0,0, , 
24102,0,2,182,1546,0,0,0, 天羽含光冠,0,0,0, , 
24103,0,2,182,1547,0,0,0, 天羽含光袍,0,0,0, , 
24104,0,2,182,1549,0,0,0, 天羽含光履,0,0,0, , 
24105,0,2,182,1548,0,0,0, 天羽含光腕,0,0,0, , 
24106,0,2,182,764,0,0,0, 欲饮琵琶冠,0,0,0, , 
24107,0,2,182,824,0,0,0, 欲饮琵琶袍,0,0,0, , 
24108,0,2,182,944,0,0,0, 欲饮琵琶履,0,0,0, , 
24109,0,2,182,884,0,0,0, 欲饮琵琶腕,0,0,0, , 
24110,0,2,182,767,0,0,0, 牧野天荒冠,0,0,0, , 
24111,0,2,182,827,0,0,0, 牧野天荒袍,0,0,0, , 
24112,0,2,182,947,0,0,0, 牧野天荒履,0,0,0, , 
24113,0,2,182,887,0,0,0, 牧野天荒腕,0,0,0, , 
24114,0,2,182,1472,0,0,0, 小糖马,0,0,0, , 
24115,0,2,182,1497,0,0,0, 长命刀,0,0,0, , 
24116,0,2,182,755,0,0,0, 霜夜沧溟冠,0,0,0, , 
24117,0,2,182,815,0,0,0, 霜夜沧溟袍,0,0,0, , 
24118,0,2,182,935,0,0,0, 霜夜沧溟履,0,0,0, , 
24119,0,2,182,875,0,0,0, 霜夜沧溟腕,0,0,0, , 
24120,0,2,182,768,0,0,0, 鲛鲨掠水冠,0,0,0, , 
24121,0,2,182,828,0,0,0, 鲛鲨掠水袍,0,0,0, , 
24122,0,2,182,948,0,0,0, 鲛鲨掠水履,0,0,0, , 
24123,0,2,182,888,0,0,0, 鲛鲨掠水腕,0,0,0, , 
24124,0,2,182,766,0,0,0, 神武喋血冠,0,0,0, , 
24125,0,2,182,826,0,0,0, 神武喋血袍,0,0,0, , 
24126,0,2,182,946,0,0,0, 神武喋血履,0,0,0, , 
24127,0,2,182,886,0,0,0, 神武喋血腕,0,0,0, , 
24128,0,2,182,1471,0,0,0, 布小福,0,0,0, , 
24129,0,2,182,1450,0,0,0, 雪晶凌,0,0,0, , 
24130,0,2,182,402,0,0,0, 鹰飞·映湖月,0,0,0, , 
24131,0,2,182,1346,0,0,0, 鹤舞霜翎冠,0,0,0, , 
24132,0,2,182,1347,0,0,0, 鹤舞霜翎袍,0,0,0, , 
24133,0,2,182,1349,0,0,0, 鹤舞霜翎履,0,0,0, , 
24134,0,2,182,1348,0,0,0, 鹤舞霜翎腕,0,0,0, , 
24135,0,2,182,153,0,0,0, 狭路相逢冠,0,0,0, , 
24136,0,2,182,155,0,0,0, 狭路相逢袍,0,0,0, , 
24137,0,2,182,154,0,0,0, 狭路相逢履,0,0,0, , 
24138,0,2,182,156,0,0,0, 狭路相逢腕,0,0,0, , 
24139,0,2,182,1140,0,0,0, 空语流光冠,0,0,0, , 
24140,0,2,182,1141,0,0,0, 空语流光袍,0,0,0, , 
24141,0,2,182,1143,0,0,0, 空语流光履,0,0,0, , 
24142,0,2,182,1142,0,0,0, 空语流光腕,0,0,0, , 
24143,0,2,182,1534,0,0,0, 玄潇吟·男,0,0,0, , 
24144,0,2,182,1535,0,0,0, 玄潇吟·女,0,0,0, , 
24145,0,2,182,1434,0,0,0, 双鱼儿,0,0,0, , 
24146,0,2,182,8,0,0,0, 平安造,0,0,0, , 
24147,0,2,182,1128,0,0,0, 练影清光冠,0,0,0, , 
24148,0,2,182,1129,0,0,0, 练影清光袍,0,0,0, , 
24149,0,2,182,1131,0,0,0, 练影清光履,0,0,0, , 
24150,0,2,182,1130,0,0,0, 练影清光腕,0,0,0, , 
24151,0,2,182,1302,0,0,0, 龙章凤姿冠,0,0,0, , 
24152,0,2,182,1303,0,0,0, 龙章凤姿袍,0,0,0, , 
24153,0,2,182,1305,0,0,0, 龙章凤姿履,0,0,0, , 
24154,0,2,182,1304,0,0,0, 龙章凤姿腕,0,0,0, , 
24155,0,2,182,1088,0,0,0, 邀夜红尘冠,0,0,0, , 
24156,0,2,182,1094,0,0,0, 邀夜红尘袍,0,0,0, , 
24157,0,2,182,1106,0,0,0, 邀夜红尘履,0,0,0, , 
24158,0,2,182,1100,0,0,0, 邀夜红尘腕,0,0,0, , 
24159,0,2,182,1090,0,0,0, 兰陵纵意冠,0,0,0, , 
24160,0,2,182,1096,0,0,0, 兰陵纵意袍,0,0,0, , 
24161,0,2,182,1108,0,0,0, 兰陵纵意履,0,0,0, , 
24162,0,2,182,1102,0,0,0, 兰陵纵意腕,0,0,0, , 
24163,0,2,182,1918,0,0,0, 金错环,0,0,0, , 
24164,0,2,182,1912,0,0,0, 并蒂香,0,0,0, , 
24165,0,2,182,1915,0,0,0, 十杀刃,0,0,0, , 
24166,0,2,182,1916,0,0,0, 匣锋芒,0,0,0, , 
24167,0,2,182,1910,0,0,0, 鬼葫芦,0,0,0, , 
24168,0,2,182,25,0,0,0, 点石·降心魔,0,0,0, , 
24169,0,2,182,29,0,0,0, 百济刀,0,0,0, , 
24170,0,2,182,46,0,0,0, 嘲风镖,0,0,0, , 
24171,0,2,182,56,0,0,0, 攻玉·无鞘戳,0,0,0, , 
24172,0,2,182,404,0,0,0, 攻玉·意凌云,0,0,0, , 
24173,0,2,182,1,0,0,0, 落离莲,0,0,0, , 
24174,0,2,182,1911,0,0,0, 尝百草,0,0,0, , 
24175,0,2,182,1914,0,0,0, 饮刀圭,0,0,0, , 
24176,0,2,182,1920,0,0,0, 铁判官,0,0,0, , 
24177,0,2,182,1904,0,0,0, 心王·洛天依冠,0,0,0, , 
24178,0,2,182,1905,0,0,0, 心王·洛天依袍,0,0,0, , 
24179,0,2,182,1906,0,0,0, 心王·洛天依腕,0,0,0, , 
24180,0,2,182,1907,0,0,0, 心王·洛天依履,0,0,0, , 
24181,0,2,182,2009,0,0,0, 闻夜雨·霞,0,0,0, , 
24182,0,2,182,1872,0,0,0, 闻夜雨·青,0,0,0, , 
24183,0,2,182,2010,0,0,0, 闻夜雨·蓝,0,0,0, , 
24184,0,2,182,2011,0,0,0, 闻夜雨·紫,0,0,0, , 
24185,0,2,182,1607,0,0,0, 丹凤九转冠,0,0,0, , 
24186,0,2,182,1589,0,0,0, 丹凤九转袍,0,0,0, , 
24187,0,2,182,1571,0,0,0, 丹凤九转腕,0,0,0, , 
24188,0,2,182,1625,0,0,0, 丹凤九转履,0,0,0, , 
24189,0,2,182,1597,0,0,0, 酩酊风流冠,0,0,0, , 
24190,0,2,182,1579,0,0,0, 酩酊风流袍,0,0,0, , 
24191,0,2,182,1561,0,0,0, 酩酊风流腕,0,0,0, , 
24192,0,2,182,1615,0,0,0, 酩酊风流履,0,0,0, , 
24193,0,2,182,1600,0,0,0, 碎梦繁花冠,0,0,0, , 
24194,0,2,182,1582,0,0,0, 碎梦繁花袍,0,0,0, , 
24195,0,2,182,1564,0,0,0, 碎梦繁花腕,0,0,0, , 
24196,0,2,182,1618,0,0,0, 碎梦繁花履,0,0,0, , 
24197,0,2,182,1595,0,0,0, 孤影极寒冠,0,0,0, , 
24198,0,2,182,1577,0,0,0, 孤影极寒袍,0,0,0, , 
24199,0,2,182,1559,0,0,0, 孤影极寒腕,0,0,0, , 
24200,0,2,182,1613,0,0,0, 孤影极寒履,0,0,0, , 
24201,0,2,182,1598,0,0,0, 晓月长空冠,0,0,0, , 
24202,0,2,182,1580,0,0,0, 晓月长空袍,0,0,0, , 
24203,0,2,182,1562,0,0,0, 晓月长空腕,0,0,0, , 
24204,0,2,182,1616,0,0,0, 晓月长空履,0,0,0, , 
24205,0,2,182,1601,0,0,0, 百羽双凤冠,0,0,0, , 
24206,0,2,182,1583,0,0,0, 百羽双凤袍,0,0,0, , 
24207,0,2,182,1565,0,0,0, 百羽双凤腕,0,0,0, , 
24208,0,2,182,1619,0,0,0, 百羽双凤履,0,0,0, , 
24209,0,2,182,1596,0,0,0, 碧血铭沙冠,0,0,0, , 
24210,0,2,182,1578,0,0,0, 碧血铭沙袍,0,0,0, , 
24211,0,2,182,1560,0,0,0, 碧血铭沙腕,0,0,0, , 
24212,0,2,182,1614,0,0,0, 碧血铭沙履,0,0,0, , 
24213,0,2,182,1599,0,0,0, 玄机空濛冠,0,0,0, , 
24214,0,2,182,1581,0,0,0, 玄机空濛袍,0,0,0, , 
24215,0,2,182,1563,0,0,0, 玄机空濛腕,0,0,0, , 
24216,0,2,182,1617,0,0,0, 玄机空濛履,0,0,0, , 
24217,0,2,189,118,693,0,0, 少女：吹雪霓裳金色,0,0,0, , 
24218,0,2,189,128,595,0,0, 少女：人间梦华蓝色,0,0,0, , 
24219,0,2,189,129,667,0,0, 少女：无缺蓝色,0,0,0, , 
24220,0,2,189,130,553,0,0, 少女：素问红色,0,0,0, , 
24221,0,2,189,134,592,0,0, 少女：从龙金色,0,0,0, , 
24222,0,2,189,135,575,0,0, 少女：逆鳞金色,0,0,0, , 
24223,0,2,189,136,655,0,0, 少女：九曜蓝色,0,0,0, , 
24224,0,2,189,143,558,0,0, 少女：袭光红色,0,0,0, , 
24225,0,2,189,152,583,0,0, 少女：冰云蓝色,0,0,0, , 
24226,0,2,189,153,564,0,0, 少女：蝶衣红色,0,0,0, , 
24227,0,2,189,156,725,0,0, 少女：翎羽红色,0,0,0, , 
24228,0,2,189,157,665,0,0, 少女：明霞绿色,0,0,0, , 
24229,0,2,189,161,723,0,0, 少女：雾隐雷藏金色,0,0,0, , 
24230,0,2,189,163,637,0,0, 少女：琅琊蓝色,0,0,0, , 
24231,0,2,189,162,652,0,0, 少女：清甜金色,0,0,0, , 
24232,0,2,189,164,647,0,0, 少女：雪影绿色,0,0,0, , 
24233,0,2,189,165,577,0,0, 少女：相见欢蓝色,0,0,0, , 
24234,0,2,189,166,618,0,0, 少女：锦衣红色,0,0,0, , 
24235,0,2,189,167,607,0,0, 少女：听风蓝色,0,0,0, , 
24236,0,2,189,168,604,0,0, 少女：随云金色,0,0,0, , 
24237,0,2,189,169,616,0,0, 少女：舒音金色,0,0,0, , 
24238,0,2,189,170,624,0,0, 少女：骊珠红色,0,0,0, , 
24239,0,2,189,171,631,0,0, 少女：落梅蓝色,0,0,0, , 
24240,0,2,189,172,700,0,0, 少女：齐灵绿色,0,0,0, , 
24241,0,2,189,173,689,0,0, 少女：入君怀绿色,0,0,0, , 
24242,0,2,189,174,701,0,0, 少女：天羽含光红色,0,0,0, , 
24243,0,2,189,175,707,0,0, 少女：空明红色,0,0,0, , 
24244,0,2,189,176,717,0,0, 少女：日月当空金色,0,0,0, , 
24245,0,2,189,195,673,0,0, 少女：抱春风蓝色,0,0,0, , 
24246,0,2,189,196,679,0,0, 少女：萧霜蓝色,0,0,0, , 
24247,0,2,188,118,61,0,0, 少女 | 吹雪霓裳：色相102、饱和度45,0,0,0, , 
24248,0,2,188,128,62,0,0, 少女 | 人间梦华：色相157,0,0,0, , 
24249,0,2,188,129,63,0,0, 少女 | 圣绣·无缺：色相102、饱和度180,0,0,0, , 
24250,0,2,188,130,64,0,0, 少女 | 圣绣·素问：色相4、饱和度180,0,0,0, , 
24251,0,2,188,134,65,0,0, 少女 | 圣绣·从龙：色相104、饱和度180,0,0,0, , 
24253,0,2,188,136,67,0,0, 少女 | 心王·九曜：色相2、饱和度147,0,0,0, , 
24254,0,2,188,143,68,0,0, 少女 | 圣绣·袭光：色相99$$饱和度180,0,0,0, , 
24255,0,2,188,152,69,0,0, 少女 | 圣绣·冰云：色相4、饱和度180,0,0,0, , 
24256,0,2,188,153,70,0,0, 少女 | 心王·蝶衣：色相178,0,0,0, , 
24257,0,2,188,156,71,0,0, 少女 | 心王·翎羽：色相176、饱和度180,0,0,0, , 
24258,0,2,188,157,72,0,0, 少女 | 圣绣·明霞：色相100,0,0,0, , 
24259,0,2,188,161,73,0,0, 少女 | 雾隐雷藏：色相21、饱和度81,0,0,0, , 
24260,0,2,188,163,74,0,0, 少女 | 圣绣·琅琊：色相106,0,0,0, , 
24261,0,2,188,162,75,0,0, 少女 | 圣绣·清甜：色相174、饱和度114,0,0,0, , 
24262,0,2,188,164,76,0,0, 少女 | 圣绣·雪影：色相78,0,0,0, , 
24263,0,2,188,165,77,0,0, 少女 | 心王·相见欢：色相107,0,0,0, , 
24265,0,2,188,167,79,0,0, 少女 | 心王·听风：色相109、饱和度180,0,0,0, , 
24266,0,2,188,168,80,0,0, 少女 | 圣绣·随云：色相176、饱和度180,0,0,0, , 
24267,0,2,188,169,81,0,0, 少女 | 心王·舒音：色相105、饱和度180,0,0,0, , 
24268,0,2,188,170,82,0,0, 少女 | 圣绣·骊珠：色相178、饱和度180,0,0,0, , 
24269,0,2,188,171,83,0,0, 少女 | 圣绣·落梅：色相108、饱和度116,0,0,0, , 
24271,0,2,188,173,85,0,0, 少女 | 心王·入君怀：色相107、饱和度120,0,0,0, , 
24272,0,2,188,174,86,0,0, 少女 | 天羽含光：色相177、饱和度180,0,0,0, , 
24273,0,2,188,175,87,0,0, 少女 | 圣绣·空明：色相101、饱和度128,0,0,0, , 
24274,0,2,188,176,88,0,0, 少女 | 日月当空：色相105,0,0,0, , 
24275,0,2,188,195,89,0,0, 少女 | 心王·抱春风：色相112,0,0,0, , 
24276,0,2,188,196,90,0,0, 少女 | 圣绣·萧霜：色相90、饱和度180,0,0,0, , 
24277,0,2,182,135,0,0,0, 圣绣·明玉冠,0,0,0, , 
24278,0,2,182,136,0,0,0, 圣绣·明玉袍,0,0,0, , 
24279,0,2,182,137,0,0,0, 圣绣·明玉腕,0,0,0, , 
24280,0,2,182,138,0,0,0, 圣绣·明玉履,0,0,0, , 
24281,0,2,182,1989,0,0,0, 灵殊·归来看海,0,0,0, , 
24282,0,2,182,2100,0,0,0, 心王·祈年冠,0,0,0, , 
24283,0,2,182,2101,0,0,0, 心王·祈年袍,0,0,0, , 
24284,0,2,182,2102,0,0,0, 心王·祈年腕,0,0,0, , 
24285,0,2,182,2103,0,0,0, 心王·祈年履,0,0,0, , 
24286,0,2,182,382,0,0,0, 刹那生灭冠,0,0,0, , 
24287,0,2,182,383,0,0,0, 刹那生灭袍,0,0,0, , 
24288,0,2,182,384,0,0,0, 刹那生灭腕,0,0,0, , 
24289,0,2,182,385,0,0,0, 刹那生灭履,0,0,0, , 
24290,0,2,182,1988,0,0,0, 祈天卷,0,0,0, , 
24291,0,2,182,2105,0,0,0, 一寸心,0,0,0, , 
24292,0,2,182,2107,0,0,0, 一寸心·浅紫,0,0,0, , 
24293,0,2,182,2108,0,0,0, 一寸心·浅绿,0,0,0, , 
24294,0,2,182,2109,0,0,0, 一寸心·浅蓝,0,0,0, , 
24295,0,2,182,2115,0,0,0, 圣绣·瑶池冠,0,0,0, , 
24296,0,2,182,2116,0,0,0, 圣绣·瑶池袍,0,0,0, , 
24297,0,2,182,2117,0,0,0, 圣绣·瑶池腕,0,0,0, , 
24298,0,2,182,2118,0,0,0, 圣绣·瑶池履,0,0,0, , 
24299,0,2,182,2119,0,0,0, 花意如,0,0,0, , 
24300,0,2,182,2114,0,0,0, 灵殊·小兔大炮,0,0,0, , 
24301,0,2,182,1909,0,0,0, 玉满堂,0,0,0, , 
24302,0,2,182,2123,0,0,0, 飞红零·男,0,0,0, , 
24303,0,2,182,2124,0,0,0, 飞红零·女,0,0,0, , 
24304,0,2,182,2122,0,0,0, 半溪枫,0,0,0, , 
24305,0,2,182,2121,0,0,0, 霜叶结,0,0,0, , 
24306,0,2,182,2110,0,0,0, 浮光·拜占庭冠,0,0,0, , 
24307,0,2,182,2111,0,0,0, 浮光·拜占庭袍,0,0,0, , 
24308,0,2,182,2112,0,0,0, 浮光·拜占庭腕,0,0,0, , 
24309,0,2,182,2113,0,0,0, 浮光·拜占庭履,0,0,0, , 
24310,0,2,182,2129,0,0,0, 浮光·涅雅冠,0,0,0, , 
24311,0,2,182,2130,0,0,0, 浮光·涅雅袍,0,0,0, , 
24312,0,2,182,2131,0,0,0, 浮光·涅雅腕,0,0,0, , 
24313,0,2,182,2132,0,0,0, 浮光·涅雅履,0,0,0, , 
24314,0,2,182,2127,0,0,0, 妆蝶舞·男,0,0,0, , 
24315,0,2,182,2128,0,0,0, 妆蝶舞·女,0,0,0, , 
24316,0,2,182,2125,0,0,0, 西洋剑,0,0,0, , 
24317,0,2,182,2126,0,0,0, 任风波,0,0,0, , 
24318,0,2,182,2133,0,0,0, 圣绣·白凤冠,0,0,0, , 
24319,0,2,182,2134,0,0,0, 圣绣·白凤袍,0,0,0, , 
24320,0,2,182,2135,0,0,0, 圣绣·白凤腕,0,0,0, , 
24321,0,2,182,2136,0,0,0, 圣绣·白凤履,0,0,0, , 
24322,0,2,182,2137,0,0,0, 甲子·优昙花,0,0,0, , 
24323,0,2,182,2138,0,0,0, 甲子·左手剑,0,0,0, , 
24324,0,2,182,2139,0,0,0, 甲子·心王珏,0,0,0, , 
24325,0,2,182,2140,0,0,0, 甲子·佳人笔,0,0,0, , 
24326,0,2,182,2141,0,0,0, 甲子·樽前酒,0,0,0, , 
24327,0,2,182,2142,0,0,0, 甲子·心意双环,0,0,0, , 
24328,0,2,182,2143,0,0,0, 甲子·孤鸾,0,0,0, , 
24329,0,2,182,2144,0,0,0, 甲子·神术,0,0,0, , 
24330,0,2,182,2145,0,0,0, 甲子·红叶,0,0,0, , 
24331,0,2,182,2147,0,0,0, 甲子·蔷薇剑,0,0,0, , 
24332,0,2,182,2149,0,0,0, 甲子·孔雀翎,0,0,0, , 
24333,0,2,182,2151,0,0,0, 八荒令牌·太白,0,0,0, , 
24334,0,2,182,2152,0,0,0, 八荒令牌·神威,0,0,0, , 
24335,0,2,182,2153,0,0,0, 八荒令牌·丐帮,0,0,0, , 
24336,0,2,182,2154,0,0,0, 八荒令牌·唐门,0,0,0, , 
24337,0,2,182,2155,0,0,0, 八荒令牌·真武,0,0,0, , 
24338,0,2,182,2156,0,0,0, 八荒令牌·天香,0,0,0, , 
24339,0,2,182,2157,0,0,0, 八荒令牌·五毒,0,0,0, , 
24340,0,2,182,2158,0,0,0, 八荒令牌·神刀,0,0,0, , 
24341,0,2,182,2159,0,0,0, 烟沙雪·雪(男款),0,0,0, , 
24342,0,2,182,2160,0,0,0, 烟沙雪·雪(女款),0,0,0, , 
24343,0,2,182,2161,0,0,0, 烟沙雪·沙(男款),0,0,0, , 
24344,0,2,182,2162,0,0,0, 烟沙雪·沙(女款),0,0,0, , 
24345,0,2,182,2165,0,0,0, 烟沙雪·烟(男款),0,0,0, , 
24346,0,2,182,2166,0,0,0, 烟沙雪·烟(女款),0,0,0, , 
24347,0,2,182,2163,0,0,0, 烟沙雪·夜(男款),0,0,0, , 
24348,0,2,182,2164,0,0,0, 烟沙雪·夜(女款),0,0,0, , 
24349,0,2,182,1995,0,0,0, 风华·萌芽,0,0,0, , 
24350,0,2,182,1992,0,0,0, 吾爱·萌芽,0,0,0, , 
24351,0,2,182,2193,0,0,0, 灵韵·冰雪之灵,0,0,0, , 
24352,0,2,182,2179,0,0,0, 风华·啾啾,0,0,0, , 
24353,0,2,182,2184,0,0,0, 吾爱·啾啾,0,0,0, , 
24354,0,2,182,2194,0,0,0, 风华·雪芽,0,0,0, , 
24355,0,2,182,2195,0,0,0, 吾爱·雪芽,0,0,0, , 
24356,0,2,182,2180,0,0,0, 心王·试问天心冠,0,0,0, , 
24357,0,2,182,2181,0,0,0, 心王·试问天心袍,0,0,0, , 
24358,0,2,182,2182,0,0,0, 心王·试问天心腕,0,0,0, , 
24359,0,2,182,2183,0,0,0, 心王·试问天心履,0,0,0, , 
24360,0,2,182,2222,0,0,0, 灵殊·一剪祥云,0,0,0, , 
24361,0,2,182,2197,0,0,0, 枯荣·东君真意,0,0,0, , 
24362,0,2,182,2199,0,0,0, 枯荣·红泪焚霞,0,0,0, , 
24363,0,2,182,2201,0,0,0, 枯荣·乱红轻梦,0,0,0, , 
24364,0,2,182,2203,0,0,0, 枯荣·九曲清溪,0,0,0, , 
24365,0,2,182,2205,0,0,0, 枯荣·戍海红尘,0,0,0, , 
24366,0,2,182,2207,0,0,0, 枯荣·不疑之剑,0,0,0, , 
24367,0,2,182,2213,0,0,0, 枯荣·桃之夭夭,0,0,0, , 
24368,0,2,182,2215,0,0,0, 枯荣·楼心幽月,0,0,0, , 
24369,0,2,182,2198,0,0,0, 枯荣·安期之匣,0,0,0, , 
24370,0,2,182,2200,0,0,0, 枯荣·竟夕流芳,0,0,0, , 
24371,0,2,182,2202,0,0,0, 枯荣·飞鸢衔情,0,0,0, , 
24372,0,2,182,2204,0,0,0, 枯荣·武陵疏醉,0,0,0, , 
24373,0,2,182,2206,0,0,0, 枯荣·无艳之弓,0,0,0, , 
24374,0,2,182,2208,0,0,0, 枯荣·不疑之鞘,0,0,0, , 
24375,0,2,182,2210,0,0,0, 枯荣·灼灼其华,0,0,0, , 
24376,0,2,182,2214,0,0,0, 枯荣·歌尽春风,0,0,0, , 
24377,0,2,182,2221,0,0,0, 浮光·悬丝华,0,0,0, , 
24378,0,2,182,2223,0,0,0, 浮光·海上花,0,0,0, , 
24379,0,2,182,2224,0,0,0, 浮光·惜流芳·男,0,0,0, , 
24380,0,2,182,2225,0,0,0, 浮光·惜流芳·女,0,0,0, , 
24381,0,2,182,2217,0,0,0, 浮光·燕尔冠,0,0,0, , 
24382,0,2,182,2218,0,0,0, 浮光·燕尔袍,0,0,0, , 
24383,0,2,182,2219,0,0,0, 浮光·燕尔腕,0,0,0, , 
24384,0,2,182,2220,0,0,0, 浮光·燕尔履,0,0,0, , 
24385,0,2,182,2226,0,0,0, 丹辉映喜冠,0,0,0, , 
24386,0,2,182,2227,0,0,0, 丹辉映喜袍,0,0,0, , 
24387,0,2,182,2228,0,0,0, 丹辉映喜腕,0,0,0, , 
24388,0,2,182,2229,0,0,0, 丹辉映喜履,0,0,0, , 
24389,0,2,182,2189,0,0,0, 寂夜星霜冠,0,0,0, , 
24390,0,2,182,2190,0,0,0, 寂夜星霜袍,0,0,0, , 
24391,0,2,182,2191,0,0,0, 寂夜星霜腕,0,0,0, , 
24392,0,2,182,2192,0,0,0, 寂夜星霜履,0,0,0, , 
24393,0,2,182,2230,0,0,0, 圣绣·花夕冠,0,0,0, , 
24394,0,2,182,2231,0,0,0, 圣绣·花夕袍,0,0,0, , 
24395,0,2,182,2232,0,0,0, 圣绣·花夕腕,0,0,0, , 
24396,0,2,182,2233,0,0,0, 圣绣·花夕履,0,0,0, , 
24397,0,2,182,2260,0,0,0, 风华·芳馨,0,0,0, , 
24398,0,2,182,2261,0,0,0, 灵韵 · 落日之烬,0,0,0, , 
24399,0,2,182,2258,0,0,0, 念春归,0,0,0, , 
24400,0,2,182,2259,0,0,0, 灵殊·今夕何夕,0,0,0, , 
24401,0,2,182,1985,0,0,0, 灵殊·一夕之萤,0,0,0, , 
24402,0,2,182,2262,0,0,0, 心王·不良人冠,0,0,0, , 
24403,0,2,182,2263,0,0,0, 心王·不良人袍,0,0,0, , 
24404,0,2,182,2264,0,0,0, 心王·不良人腕,0,0,0, , 
24405,0,2,182,2265,0,0,0, 心王·不良人履,0,0,0, , 
24406,0,2,182,2311,0,0,0, 风华·永夜,0,0,0, , 
24407,0,2,182,2312,0,0,0, 吾爱·永夜,0,0,0, , 
24408,0,2,182,2290,0,0,0, 心王·醉花阴冠,0,0,0, , 
24409,0,2,182,2291,0,0,0, 心王·醉花阴袍,0,0,0, , 
24410,0,2,182,2292,0,0,0, 心王·醉花阴腕,0,0,0, , 
24411,0,2,182,2293,0,0,0, 心王·醉花阴履,0,0,0, , 
24412,0,2,182,2558,0,0,0, 灵殊·千生之镜,0,0,0, , 
24413,0,2,182,2298,0,0,0, 横店令,0,0,0, , 
24414,0,2,182,2321,0,0,0, 必胜符,0,0,0, , 
24415,0,2,182,2553,0,0,0, 掬明蕊·浅蓝,0,0,0, , 
24416,0,2,182,2554,0,0,0, 掬明蕊·浅绿,0,0,0, , 
24417,0,2,182,2555,0,0,0, 掬明蕊·浅紫,0,0,0, , 
24418,0,2,182,2557,0,0,0, 掬明蕊·浅粉,0,0,0, , 
24419,0,2,182,2322,0,0,0, 西园柳,0,0,0, , 
24420,0,2,182,2556,0,0,0, 掬明蕊,0,0,0, , 
24421,0,2,182,2266,0,0,0, 浮光·短歌冠,0,0,0, , 
24422,0,2,182,2267,0,0,0, 浮光·短歌袍,0,0,0, , 
24423,0,2,182,2268,0,0,0, 浮光·短歌腕,0,0,0, , 
24424,0,2,182,2269,0,0,0, 浮光·短歌履,0,0,0, , 
24425,0,2,182,2323,0,0,0, 白露为霜腕,0,0,0, , 
24426,0,2,182,2324,0,0,0, 白露为霜袍,0,0,0, , 
24427,0,2,182,2325,0,0,0, 白露为霜冠,0,0,0, , 
24428,0,2,182,2326,0,0,0, 白露为霜履,0,0,0, , 
24429,0,2,182,2327,0,0,0, 猗兰其香腕,0,0,0, , 
24430,0,2,182,2328,0,0,0, 猗兰其香袍,0,0,0, , 
24431,0,2,182,2329,0,0,0, 猗兰其香冠,0,0,0, , 
24432,0,2,182,2330,0,0,0, 猗兰其香履,0,0,0, , 
24433,0,2,182,2331,0,0,0, 青云出岫腕,0,0,0, , 
24434,0,2,182,2332,0,0,0, 青云出岫袍,0,0,0, , 
24435,0,2,182,2333,0,0,0, 青云出岫冠,0,0,0, , 
24436,0,2,182,2334,0,0,0, 青云出岫履,0,0,0, , 
24437,0,2,182,2335,0,0,0, 风荷池雨腕,0,0,0, , 
24438,0,2,182,2336,0,0,0, 风荷池雨袍,0,0,0, , 
24439,0,2,182,2337,0,0,0, 风荷池雨冠,0,0,0, , 
24440,0,2,182,2338,0,0,0, 风荷池雨履,0,0,0, , 
24441,0,2,182,2339,0,0,0, 月出皎兮腕,0,0,0, , 
24442,0,2,182,2340,0,0,0, 月出皎兮袍,0,0,0, , 
24443,0,2,182,2341,0,0,0, 月出皎兮冠,0,0,0, , 
24444,0,2,182,2342,0,0,0, 月出皎兮履,0,0,0, , 
24445,0,2,182,2403,0,0,0, 武道·苍山远黛腕,0,0,0, , 
24446,0,2,182,2404,0,0,0, 武道·苍山远黛袍,0,0,0, , 
24447,0,2,182,2405,0,0,0, 武道·苍山远黛冠,0,0,0, , 
24448,0,2,182,2406,0,0,0, 武道·苍山远黛履,0,0,0, , 
24449,0,2,182,2383,0,0,0, 武道·琨玉秋霜腕,0,0,0, , 
24450,0,2,182,2384,0,0,0, 武道·琨玉秋霜袍,0,0,0, , 
24451,0,2,182,2385,0,0,0, 武道·琨玉秋霜冠,0,0,0, , 
24452,0,2,182,2386,0,0,0, 武道·琨玉秋霜履,0,0,0, , 
24453,0,2,182,2559,0,0,0, 离叠花,0,0,0, , 
24454,0,2,182,2561,0,0,0, 枯荣·落英自闲,0,0,0, , 
24455,0,2,182,2562,0,0,0, 枯荣·碧山浮歌,0,0,0, , 
24456,0,2,182,1957,0,0,0, 喋血·神机韬略腕,0,0,0, , 
24457,0,2,182,1965,0,0,0, 喋血·神机韬略袍,0,0,0, , 
24458,0,2,182,1973,0,0,0, 喋血·神机韬略冠,0,0,0, , 
24459,0,2,182,1981,0,0,0, 喋血·神机韬略履,0,0,0, , 
24460,0,2,182,1953,0,0,0, 喋血·雪魄尘光腕,0,0,0, , 
24461,0,2,182,1961,0,0,0, 喋血·雪魄尘光袍,0,0,0, , 
24462,0,2,182,1969,0,0,0, 喋血·雪魄尘光冠,0,0,0, , 
24463,0,2,182,1977,0,0,0, 喋血·雪魄尘光履,0,0,0, , 
24464,0,2,182,1954,0,0,0, 喋血·瀚海驰骋腕,0,0,0, , 
24465,0,2,182,1962,0,0,0, 喋血·瀚海驰骋袍,0,0,0, , 
24466,0,2,182,1970,0,0,0, 喋血·瀚海驰骋冠,0,0,0, , 
24467,0,2,182,1978,0,0,0, 喋血·瀚海驰骋履,0,0,0, , 
24468,0,2,182,1955,0,0,0, 喋血·独酌天下腕,0,0,0, , 
24469,0,2,182,1963,0,0,0, 喋血·独酌天下袍,0,0,0, , 
24470,0,2,182,1971,0,0,0, 喋血·独酌天下冠,0,0,0, , 
24471,0,2,182,1979,0,0,0, 喋血·独酌天下履,0,0,0, , 
24472,0,2,182,1956,0,0,0, 喋血·风露霜晨腕,0,0,0, , 
24473,0,2,182,1964,0,0,0, 喋血·风露霜晨袍,0,0,0, , 
24474,0,2,182,1972,0,0,0, 喋血·风露霜晨冠,0,0,0, , 
24475,0,2,182,1980,0,0,0, 喋血·风露霜晨履,0,0,0, , 
24476,0,2,182,1959,0,0,0, 喋血·枫香泪雨腕,0,0,0, , 
24477,0,2,182,1967,0,0,0, 喋血·枫香泪雨袍,0,0,0, , 
24478,0,2,182,1975,0,0,0, 喋血·枫香泪雨冠,0,0,0, , 
24479,0,2,182,1983,0,0,0, 喋血·枫香泪雨履,0,0,0, , 
24480,0,2,182,1958,0,0,0, 喋血·臻姿凤仪腕,0,0,0, , 
24481,0,2,182,1966,0,0,0, 喋血·臻姿凤仪袍,0,0,0, , 
24482,0,2,182,1974,0,0,0, 喋血·臻姿凤仪冠,0,0,0, , 
24483,0,2,182,1982,0,0,0, 喋血·臻姿凤仪履,0,0,0, , 
24484,0,2,182,1960,0,0,0, 喋血·永夜杀神腕,0,0,0, , 
24485,0,2,182,1968,0,0,0, 喋血·永夜杀神袍,0,0,0, , 
24486,0,2,182,1976,0,0,0, 喋血·永夜杀神冠,0,0,0, , 
24487,0,2,182,1984,0,0,0, 喋血·永夜杀神履,0,0,0, , 
24488,0,2,182,2343,0,0,0, 喋血·苍山远黛腕,0,0,0, , 
24489,0,2,182,2344,0,0,0, 喋血·苍山远黛袍,0,0,0, , 
24490,0,2,182,2345,0,0,0, 喋血·苍山远黛冠,0,0,0, , 
24491,0,2,182,2346,0,0,0, 喋血·苍山远黛履,0,0,0, , 
24492,0,2,182,83,0,0,0, 喋血·冥鸿归云冠,0,0,0, , 
24493,0,2,182,99,0,0,0, 喋血·冥鸿归云袍,0,0,0, , 
24494,0,2,182,115,0,0,0, 喋血·冥鸿归云腕,0,0,0, , 
24495,0,2,182,131,0,0,0, 喋血·冥鸿归云履,0,0,0, , 
24496,0,2,182,79,0,0,0, 喋血·月影天霜冠,0,0,0, , 
24497,0,2,182,95,0,0,0, 喋血·月影天霜袍,0,0,0, , 
24498,0,2,182,111,0,0,0, 喋血·月影天霜腕,0,0,0, , 
24499,0,2,182,127,0,0,0, 喋血·月影天霜履,0,0,0, , 
24500,0,2,182,80,0,0,0, 喋血·九州寸心冠,0,0,0, , 
24501,0,2,182,96,0,0,0, 喋血·九州寸心袍,0,0,0, , 
24502,0,2,182,112,0,0,0, 喋血·九州寸心腕,0,0,0, , 
24503,0,2,182,128,0,0,0, 喋血·九州寸心履,0,0,0, , 
24504,0,2,182,81,0,0,0, 喋血·梦泽千觞冠,0,0,0, , 
24505,0,2,182,97,0,0,0, 喋血·梦泽千觞袍,0,0,0, , 
24506,0,2,182,113,0,0,0, 喋血·梦泽千觞腕,0,0,0, , 
24507,0,2,182,129,0,0,0, 喋血·梦泽千觞履,0,0,0, , 
24508,0,2,182,82,0,0,0, 喋血·晓梦寒星冠,0,0,0, , 
24509,0,2,182,98,0,0,0, 喋血·晓梦寒星袍,0,0,0, , 
24510,0,2,182,114,0,0,0, 喋血·晓梦寒星腕,0,0,0, , 
24511,0,2,182,130,0,0,0, 喋血·晓梦寒星履,0,0,0, , 
24512,0,2,182,85,0,0,0, 喋血·暮鸦苍羽冠,0,0,0, , 
24513,0,2,182,101,0,0,0, 喋血·暮鸦苍羽袍,0,0,0, , 
24514,0,2,182,117,0,0,0, 喋血·暮鸦苍羽腕,0,0,0, , 
24515,0,2,182,133,0,0,0, 喋血·暮鸦苍羽履,0,0,0, , 
24516,0,2,182,84,0,0,0, 喋血·瑶台清月冠,0,0,0, , 
24517,0,2,182,100,0,0,0, 喋血·瑶台清月袍,0,0,0, , 
24518,0,2,182,116,0,0,0, 喋血·瑶台清月腕,0,0,0, , 
24519,0,2,182,132,0,0,0, 喋血·瑶台清月履,0,0,0, , 
24520,0,2,182,86,0,0,0, 喋血·寂夜劫火冠,0,0,0, , 
24521,0,2,182,102,0,0,0, 喋血·寂夜劫火袍,0,0,0, , 
24522,0,2,182,118,0,0,0, 喋血·寂夜劫火腕,0,0,0, , 
24523,0,2,182,134,0,0,0, 喋血·寂夜劫火履,0,0,0, , 
24524,0,2,182,2379,0,0,0, 喋血·琨玉秋霜腕,0,0,0, , 
24525,0,2,182,2380,0,0,0, 喋血·琨玉秋霜袍,0,0,0, , 
24526,0,2,182,2381,0,0,0, 喋血·琨玉秋霜冠,0,0,0, , 
24527,0,2,182,2382,0,0,0, 喋血·琨玉秋霜履,0,0,0, , 
24528,0,2,182,769,0,0,0, 伏龙凤雏冠,0,0,0, , 
24529,0,2,182,829,0,0,0, 伏龙凤雏袍,0,0,0, , 
24530,0,2,182,889,0,0,0, 伏龙凤雏腕,0,0,0, , 
24531,0,2,182,949,0,0,0, 伏龙凤雏履,0,0,0, , 
24532,0,2,182,1849,0,0,0, 枭雄·天魔琴,0,0,0, , 
24533,0,2,182,1913,0,0,0, 神算子,0,0,0, , 
24534,0,2,182,1853,0,0,0, 开心颜,0,0,0, , 
24535,0,2,182,1852,0,0,0, 开口笑,0,0,0, , 
24536,0,2,182,1838,0,0,0, 灵殊·红萝贝,0,0,0, , 
24537,0,2,182,1839,0,0,0, 灵殊·白萝贝,0,0,0, , 
24538,0,2,182,1736,0,0,0, 梦寻花·男,0,0,0, , 
24539,0,2,182,1737,0,0,0, 梦寻花·女,0,0,0, , 
24540,0,2,182,1996,0,0,0, 东篱秋醉冠,0,0,0, , 
24541,0,2,182,1997,0,0,0, 东篱秋醉袍,0,0,0, , 
24542,0,2,182,1998,0,0,0, 东篱秋醉腕,0,0,0, , 
24543,0,2,182,1999,0,0,0, 东篱秋醉履,0,0,0, , 
24544,0,2,182,1836,0,0,0, 吾爱·芝麻,0,0,0, , 
24545,0,2,182,1848,0,0,0, 风华·芝麻,0,0,0, , 
24546,0,2,182,1524,0,0,0, 风华·呆呆,0,0,0, , 
24547,0,2,182,1759,0,0,0, 吾爱·呆呆,0,0,0, , 
24548,0,2,182,2106,0,0,0, 吾爱·桃子,0,0,0, , 
24549,0,2,182,756,0,0,0, 万象若新冠,0,0,0, , 
24550,0,2,182,816,0,0,0, 万象若新袍,0,0,0, , 
24551,0,2,182,876,0,0,0, 万象若新腕,0,0,0, , 
24552,0,2,182,936,0,0,0, 万象若新履,0,0,0, , 
24553,0,2,182,1330,0,0,0, 我意扬眉冠,0,0,0, , 
24554,0,2,182,1331,0,0,0, 我意扬眉袍,0,0,0, , 
24555,0,2,182,1332,0,0,0, 我意扬眉腕,0,0,0, , 
24556,0,2,182,1333,0,0,0, 我意扬眉履,0,0,0, , 
24557,0,2,182,2572,0,0,0, 吟风·琉璃焰,0,0,0, , 
24558,0,2,182,2573,0,0,0, 小灰马,0,0,0, , 
24559,0,2,182,2574,0,0,0, 青叶驹,0,0,0, , 
24560,0,2,182,2579,0,0,0, 空雪·云出川,0,0,0, , 
24561,0,2,182,2575,0,0,0, 芙蓉儿,0,0,0, , 
24562,0,2,182,2578,0,0,0, 空雪·静深流,0,0,0, , 
24563,0,2,182,2595,0,0,0, 空雪·半面妆,0,0,0, , 
24564,0,2,182,2580,0,0,0, 空雪·乌云团,0,0,0, , 
24565,0,2,182,2576,0,0,0, 北风骓,0,0,0, , 
24566,0,2,182,2577,0,0,0, 空雪·白公子,0,0,0, , 
24567,0,2,182,2600,0,0,0, 空雪·烛天龙,0,0,0, , 
24568,0,2,182,2621,0,0,0, 轻云·踏梅香,0,0,0, , 
24569,0,2,182,2601,0,0,0, 空雪·金玉奴,0,0,0, , 
24570,0,2,182,2622,0,0,0, 轻云·花映雪,0,0,0, , 
24571,0,2,182,2620,0,0,0, 空雪·飞灵渊,0,0,0, , 
24572,0,2,182,2631,0,0,0, 轻云·花漫雨,0,0,0, , 
24573,0,2,182,2581,0,0,0, 奔宵鞍,0,0,0, , 
24574,0,2,182,2588,0,0,0, 玄甲·纵猎,0,0,0, , 
24575,0,2,182,2582,0,0,0, 翻羽鞍,0,0,0, , 
24576,0,2,182,2586,0,0,0, 鱼目汗血鞍,0,0,0, , 
24577,0,2,182,2589,0,0,0, 玄甲·薄战,0,0,0, , 
24578,0,2,182,2583,0,0,0, 逐日鞍,0,0,0, , 
24579,0,2,182,2584,0,0,0, 逾辉鞍,0,0,0, , 
24580,0,2,182,2585,0,0,0, 蒲稍龙文鞍,0,0,0, , 
24581,0,2,182,2587,0,0,0, 绝影之影鞍,0,0,0, , 
24582,0,2,182,2590,0,0,0, 玄甲·凉州,0,0,0, , 
24583,0,2,182,2591,0,0,0, 玄甲·虎牢,0,0,0, , 
24584,0,2,182,2597,0,0,0, 玄甲·越华,0,0,0, , 
24585,0,2,182,2598,0,0,0, 玄甲·吴歌,0,0,0, , 
24586,0,2,182,2608,0,0,0, 玄甲·偕红妆,0,0,0, , 
24587,0,2,182,2610,0,0,0, 玄甲·饮芳,0,0,0, , 
24588,0,2,182,2612,0,0,0, 玄甲·燕双飞,0,0,0, , 
24589,0,2,182,2616,0,0,0, 玄甲·月行灯,0,0,0, , 
24590,0,2,182,2623,0,0,0, 灵甲·璎珞,0,0,0, , 
24591,0,2,182,2627,0,0,0, 玄甲· 霸王策,0,0,0, , 
24592,0,2,182,2629,0,0,0, 灵甲·月见,0,0,0, , 
24593,0,2,182,2596,0,0,0, 玄甲·旭锋,0,0,0, , 
24594,0,2,182,2599,0,0,0, 玄甲·清商,0,0,0, , 
24595,0,2,182,2618,0,0,0, 玄甲·夜琳琅,0,0,0, , 
24596,0,2,182,2594,0,0,0, 玄甲·幼麟,0,0,0, , 
24597,0,2,182,2593,0,0,0, 玄甲·长宁,0,0,0, , 
24598,0,2,182,2592,0,0,0, 玄甲·真龙,0,0,0, , 
24599,0,2,182,2632,0,0,0, 灵甲·胧月夜,0,0,0, , 
24600,0,2,182,2614,0,0,0, 玄甲·夏语冰,0,0,0, , 
24601,0,2,182,2625,0,0,0, 灵甲·冰倾,0,0,0, , 
24602,0,2,182,2602,0,0,0, 比翼·纵猎,0,0,0, , 
24603,0,2,182,2603,0,0,0, 比翼·薄战,0,0,0, , 
24604,0,2,182,2604,0,0,0, 比翼·虎牢,0,0,0, , 
24605,0,2,182,2605,0,0,0, 比翼·越华,0,0,0, , 
24606,0,2,182,2606,0,0,0, 比翼·吴歌,0,0,0, , 
24607,0,2,182,2607,0,0,0, 比翼·清商,0,0,0, , 
24608,0,2,182,2609,0,0,0, 比翼·偕红妆,0,0,0, , 
24609,0,2,182,2611,0,0,0, 比翼·饮芳,0,0,0, , 
24610,0,2,182,2613,0,0,0, 比翼·燕双飞,0,0,0, , 
24611,0,2,182,2615,0,0,0, 比翼·夏语冰,0,0,0, , 
24612,0,2,182,2617,0,0,0, 比翼·月行灯,0,0,0, , 
24613,0,2,182,2619,0,0,0, 比翼·夜琳琅,0,0,0, , 
24614,0,2,182,2624,0,0,0, 比翼·璎珞,0,0,0, , 
24615,0,2,182,2626,0,0,0, 比翼·冰倾,0,0,0, , 
24616,0,2,182,2628,0,0,0, 比翼· 霸王策,0,0,0, , 
24617,0,2,182,2630,0,0,0, 比翼·月见,0,0,0, , 
24618,0,2,182,2633,0,0,0, 比翼·胧月夜,0,0,0, , 
24619,0,2,182,2568,0,0,0, 圣绣·曼醉冠,0,0,0, , 
24620,0,2,182,2569,0,0,0, 圣绣·曼醉袍,0,0,0, , 
24621,0,2,182,2570,0,0,0, 圣绣·曼醉腕,0,0,0, , 
24622,0,2,182,2571,0,0,0, 圣绣·曼醉履,0,0,0, , 
24623,0,2,182,2317,0,0,0, 圣绣·百战冠,0,0,0, , 
24624,0,2,182,2318,0,0,0, 圣绣·百战袍,0,0,0, , 
24625,0,2,182,2319,0,0,0, 圣绣·百战腕,0,0,0, , 
24626,0,2,182,2320,0,0,0, 圣绣·百战履,0,0,0, , 
24627,0,2,182,2564,0,0,0, 定武曲·男,0,0,0, , 
24628,0,2,182,2565,0,0,0, 定武曲·女,0,0,0, , 
24629,0,2,182,2563,0,0,0, 风华·艳烈,0,0,0, , 
24630,0,2,182,2566,0,0,0, 吟沧浪,0,0,0, , 
24631,0,2,182,2313,0,0,0, 青花玉染冠,0,0,0, , 
24632,0,2,182,2314,0,0,0, 青花玉染袍,0,0,0, , 
24633,0,2,182,2315,0,0,0, 青花玉染腕,0,0,0, , 
24634,0,2,182,2316,0,0,0, 青花玉染履,0,0,0, , 
24635,0,2,182,1774,0,0,0, 冰绡岚影冠,0,0,0, , 
24636,0,2,182,1777,0,0,0, 冰绡岚影履,0,0,0, , 
24637,0,2,182,1775,0,0,0, 冰绡岚影袍,0,0,0, , 
24638,0,2,182,1776,0,0,0, 冰绡岚影腕,0,0,0, , 
24639,0,2,182,2345,0,0,0, 喋血·苍山远黛冠,0,0,0, , 
24640,0,2,182,2346,0,0,0, 喋血·苍山远黛履,0,0,0, , 
24641,0,2,182,2344,0,0,0, 喋血·苍山远黛袍,0,0,0, , 
24642,0,2,182,2343,0,0,0, 喋血·苍山远黛腕,0,0,0, , 
24643,0,2,182,1782,0,0,0, 酣畅名门冠,0,0,0, , 
24644,0,2,182,1785,0,0,0, 酣畅名门履,0,0,0, , 
24645,0,2,182,1783,0,0,0, 酣畅名门袍,0,0,0, , 
24646,0,2,182,1784,0,0,0, 酣畅名门腕,0,0,0, , 
24647,0,2,182,1798,0,0,0, 日月通明冠,0,0,0, , 
24648,0,2,182,1801,0,0,0, 日月通明履,0,0,0, , 
24649,0,2,182,1799,0,0,0, 日月通明袍,0,0,0, , 
24650,0,2,182,1800,0,0,0, 日月通明腕,0,0,0, , 
24651,0,2,182,1778,0,0,0, 铁血荒漠冠,0,0,0, , 
24652,0,2,182,1781,0,0,0, 铁血荒漠履,0,0,0, , 
24653,0,2,182,1779,0,0,0, 铁血荒漠袍,0,0,0, , 
24654,0,2,182,1780,0,0,0, 铁血荒漠腕,0,0,0, , 
24655,0,2,182,1794,0,0,0, 雪芷丹华冠,0,0,0, , 
24656,0,2,182,1797,0,0,0, 雪芷丹华履,0,0,0, , 
24657,0,2,182,1795,0,0,0, 雪芷丹华袍,0,0,0, , 
24658,0,2,182,1796,0,0,0, 雪芷丹华腕,0,0,0, , 
24659,0,2,182,1786,0,0,0, 夜海情心冠,0,0,0, , 
24660,0,2,182,1789,0,0,0, 夜海情心履,0,0,0, , 
24661,0,2,182,1787,0,0,0, 夜海情心袍,0,0,0, , 
24662,0,2,182,1788,0,0,0, 夜海情心腕,0,0,0, , 
24663,0,2,182,1790,0,0,0, 弈墨苍冥冠,0,0,0, , 
24664,0,2,182,1793,0,0,0, 弈墨苍冥履,0,0,0, , 
24665,0,2,182,1791,0,0,0, 弈墨苍冥袍,0,0,0, , 
24666,0,2,182,1792,0,0,0, 弈墨苍冥腕,0,0,0, , 
24667,0,2,182,1802,0,0,0, 朱羽刀皇冠,0,0,0, , 
24668,0,2,182,1805,0,0,0, 朱羽刀皇履,0,0,0, , 
24669,0,2,182,1803,0,0,0, 朱羽刀皇袍,0,0,0, , 
24670,0,2,182,1804,0,0,0, 朱羽刀皇腕,0,0,0, , 
24671,0,2,182,2560,0,0,0, 八荒令牌·移花,0,0,0, , 
24672,0,2,182,2683,0,0,0, 吟风·碧霄诗情,0,0,0, , 
24673,0,2,182,139,0,0,0, 灵殊·轻鸥吹浪,0,0,0, , 
24674,0,2,182,2634,0,0,0, 潜藏·灵台珠蕴,0,0,0, , 
24675,0,2,182,2636,0,0,0, 潜藏·蛟心刺浪,0,0,0, , 
24676,0,2,182,2638,0,0,0, 潜藏·珊瑚聆风,0,0,0, , 
24677,0,2,182,2640,0,0,0, 潜藏·贝叶不换,0,0,0, , 
24678,0,2,182,2642,0,0,0, 潜藏·璃璃明玉,0,0,0, , 
24679,0,2,182,2644,0,0,0, 潜藏·千年桀骜,0,0,0, , 
24680,0,2,182,2646,0,0,0, 潜藏·星海之剑,0,0,0, , 
24681,0,2,182,2648,0,0,0, 潜藏·踏浪凝魂,0,0,0, , 
24682,0,2,182,2650,0,0,0, 潜藏·悠扬水调,0,0,0, , 
24683,0,2,182,2635,0,0,0, 潜藏·道心生辉,0,0,0, , 
24684,0,2,182,2637,0,0,0, 潜藏·鲨骨沉汐,0,0,0, , 
24685,0,2,182,2639,0,0,0, 潜藏·飞雨沾襟,0,0,0, , 
24686,0,2,182,2641,0,0,0, 潜藏·青螺为酒,0,0,0, , 
24687,0,2,182,2643,0,0,0, 潜藏·落落梳云,0,0,0, , 
24688,0,2,182,2645,0,0,0, 潜藏·万世堆雪,0,0,0, , 
24689,0,2,182,2647,0,0,0, 潜藏·星海之鞘,0,0,0, , 
24690,0,2,182,2649,0,0,0, 潜藏·吹波暗涌,0,0,0, , 
24691,0,2,182,2651,0,0,0, 潜藏·彼此幽情,0,0,0, , 
24692,0,2,182,2686,0,0,0, 羽轻尘·男,0,0,0, , 
24693,0,2,182,2687,0,0,0, 羽轻尘·女,0,0,0, , 
24694,0,2,182,2567,0,0,0, 灵韵·云自无心,0,0,0, , 
24695,0,2,182,2688,0,0,0, 心王·皎霜河冠,0,0,0, , 
24696,0,2,182,2689,0,0,0, 心王·皎霜河袍,0,0,0, , 
24697,0,2,182,2690,0,0,0, 心王·皎霜河腕,0,0,0, , 
24698,0,2,182,2691,0,0,0, 心王·皎霜河履,0,0,0, , 
24699,0,2,182,4015,0,0,0, 灵殊·子非鱼,0,0,0, , 
24700,0,2,182,2692,0,0,0, 漫道·纸上竹,0,0,0, , 
24701,0,2,182,4019,0,0,0, 漫道·矢间雅,0,0,0, , 
24702,0,2,182,4020,0,0,0, 漫道·幽野情,0,0,0, , 
24703,0,2,182,2693,0,0,0, 灵韵·堕天之舞,0,0,0, , 
24705,0,2,182,4014,0,0,0, 鸿鹄心,0,0,0, , 
24706,0,2,182,2167,0,0,0, 清音厉魄冠,0,0,0, , 
24707,0,2,182,2168,0,0,0, 清音厉魄袍,0,0,0, , 
24708,0,2,182,2169,0,0,0, 清音厉魄腕,0,0,0, , 
24709,0,2,182,2170,0,0,0, 清音厉魄履,0,0,0, , 
24710,0,2,182,1612,0,0,0, 雪鸦通明冠,0,0,0, , 
24711,0,2,182,1594,0,0,0, 雪鸦通明袍,0,0,0, , 
24712,0,2,182,1576,0,0,0, 雪鸦通明腕,0,0,0, , 
24713,0,2,182,1630,0,0,0, 雪鸦通明履,0,0,0, , 
24714,0,2,182,1433,0,0,0, 枭雄·冶儿心,0,0,0, , 
24715,0,2,182,1432,0,0,0, 枭雄·孔雀怜,0,0,0, , 
24716,0,2,182,1448,0,0,0, 枭雄·擎铁荆,0,0,0, , 
24717,0,2,182,1919,0,0,0, 翎羽寒,0,0,0, , 
24718,0,2,182,4005,0,0,0, 浮光·金达莱冠,0,0,0, , 
24719,0,2,182,4006,0,0,0, 浮光·金达莱袍,0,0,0, , 
24720,0,2,182,4007,0,0,0, 浮光·金达莱腕,0,0,0, , 
24721,0,2,182,4008,0,0,0, 浮光·金达莱履,0,0,0, , 
24722,0,2,182,4013,0,0,0, 聚如兰·玄华,0,0,0, , 
24723,0,2,182,431,0,0,0, 攻玉·一线牵,0,0,0, , 
24724,0,2,182,428,0,0,0, 攻玉·至强盾,0,0,0, , 
24725,0,2,182,63,0,0,0, 趁手刃,0,0,0, , 
24726,0,2,182,47,0,0,0, 攻玉·翡翠诗,0,0,0, , 
24727,0,2,182,33,0,0,0, 攻玉·血螺旋,0,0,0, , 
24728,0,2,182,27,0,0,0, 攻玉·火童子,0,0,0, , 
24729,0,2,182,403,0,0,0, 攻玉·醉八荒,0,0,0, , 
24730,0,2,182,2699,0,0,0, 浮光·明眸·男,0,0,0, , 
24731,0,2,182,2700,0,0,0, 浮光·明眸·女,0,0,0, , 
24732,0,2,182,4022,0,0,0, 织锦书,0,0,0, , 
24733,0,2,182,4017,0,0,0, 聚如兰·樱雪,0,0,0, , 
24734,0,2,182,4018,0,0,0, 聚如兰·君雅,0,0,0, , 
24735,0,2,182,4021,0,0,0, 聚如兰·碧晴,0,0,0, , 
24736,0,2,182,4016,0,0,0, 聚如兰·胭粉,0,0,0, , 
24737,0,2,182,4034,0,0,0, 吟风·以梦为马,0,0,0, , 
24738,0,2,182,4030,0,0,0, 圣绣·婵娟冠,0,0,0, , 
24739,0,2,182,4031,0,0,0, 圣绣·婵娟袍,0,0,0, , 
24740,0,2,182,4032,0,0,0, 圣绣·婵娟腕,0,0,0, , 
24741,0,2,182,4033,0,0,0, 圣绣·婵娟履,0,0,0, , 
24742,0,2,182,4027,0,0,0, 灵甲·宿月,0,0,0, , 
24743,0,2,182,4028,0,0,0, 比翼·宿月,0,0,0, , 
24744,0,2,182,4029,0,0,0, 漫道·宿月,0,0,0, , 
24745,0,2,182,4024,0,0,0, 玄甲·飞穹,0,0,0, , 
24746,0,2,182,4025,0,0,0, 比翼·飞穹,0,0,0, , 
24747,0,2,182,4026,0,0,0, 漫道·飞穹,0,0,0, , 
24748,0,2,182,4023,0,0,0, 何小玉,0,0,0, , 
24749,0,2,182,4037,0,0,0, 心王·影冠,0,0,0, , 
24750,0,2,182,4038,0,0,0, 心王·影袍,0,0,0, , 
24751,0,2,182,4039,0,0,0, 心王·影腕,0,0,0, , 
24752,0,2,182,4040,0,0,0, 心王·影履,0,0,0, , 
24753,0,2,182,2148,0,0,0, 甲子·黑刀,0,0,0, , 
24754,0,2,182,4035,0,0,0, 浮光·如朔·男,0,0,0, , 
24755,0,2,182,4036,0,0,0, 浮光·如朔·女,0,0,0, , 
